codigos,descripcion
013101,"DRENAJE DE ESPACIO SUBDURAL, POR CRANEOTOM페"
013102,"DRENAJE DE ESPACIO SUBDURAL, POR TREPANACI흁"
013110,DRENAJE DE ESPACIO SUBDURAL CON REPARO DE SENOS DURALES ROTOS
013202,"SECCI흁 DE TEJIDO CEREBRAL (TRACTOS CEREBRALES), POR CRANEOTOM페"
015101,"RESECCI흁 TUMOR 흅EO, POR CRANEOTOM페"
015102,"RESECCI흁 TUMOR 흅EO, POR CRANIECTOM페"
015201,RESECCI흁 DE TUMOR O LESI흁 DE LA BASE DEL CR쳁EO FOSA ANTERIOR V페 CRANEOFACIAL ANTERIOR
015202,"RESECCI흁 DE TUMOR O LESI흁 DE LA BASE DEL CR쳁EO, FOSA ANTERIOR, V페 CRANEOFACIAL ANTEROLATERAL"
015203,"RESECCI흁 DE TUMOR O LESI흁 DE LA BASE DEL CR쳁EO, FOSA ANTERIOR, V페 ANTEROLATERAL Y RINOTOM페 LATERAL"
015204,"RESECCI흁 DE TUMOR O LESI흁 DE LA BASE DEL CR쳁EO, FOSA ANTERIOR, V페 TRANSZIGOM쳆ICA Y TRANSPALATAL"
015205,"RESECCI흁 DE TUMOR O LESI흁 DE LA BASE DEL CR쳁EO, FOSA ANTERIOR"
015206,RESECCI흁 DE TUMOR O LESI흁 DE LA BASE DEL CR쳁EO FOSA ANTERIOR V페 ENDONASAL (EXTENDIDA)
015301,RESECCI흁 DE TUMOR O LESI흁 DE LA BASE DEL CR쳁EO FOSA MEDIA POR CRANEOTOM페 FRONTAL Y OSTEOTOM페 FRONTO ETMOIDAL
015302,RESECCI흁 DE TUMOR O LESI흁 DE LA BASE DEL CR쳁EO FOSA MEDIA POR ABORDAJE TRANSMAXILAR
015303,RESECCI흁 DE TUMOR O LESI흁 DE LA BASE DEL CR쳁EO FOSA MEDIA POR CRANEOTOM페 GUIADA POR ESTEREOTAXIA
015304,RESECCI흁 DE TUMOR O LESI흁 DE LA BASE DEL CR쳁EO FOSA MEDIA V페 SUBTEMPORAL Y OSTEOTOM페 ZIGOM쳆ICA
015305,RESECCI흁 DE TUMOR O LESI흁 DE LA BASE DEL CR쳁EO FOSA MEDIA V페 SUBFRONTAL EXTENDIDA
015306,RESECCI흁 DE TUMOR O LESI흁 DE LA BASE DEL CR쳁EO FOSA MEDIA V페 SUBTEMPORAL
015307,RESECCI흁 DE TUMOR O LESI흁 DE LA BASE DEL CR쳁EO FOSA MEDIA V페 PREAUR펚ULAR INFRATENTORIAL Y CERVICOTOM페
015308,RESECCI흁 DE TUMOR O LESI흁 DE LA BASE DEL CR쳁EO FOSA MEDIA V페 SUBFRONTAL
015309,RESECCI흁 DE TUMOR O LESI흁 DE LA BASE DEL CR쳁EO FOSA MEDIA POR ORBITOTOM페 LATERAL
015310,RESECCI흁 DE TUMOR O LESI흁 DE LA BASE DEL CR쳁EO FOSA MEDIA V페 TRANSESFENOIDAL
015311,RESECCI흁 DE TUMOR O LESI흁 DE LA BASE DEL CR쳁EO FOSA MEDIA V페 TRANSESFENOIDAL ENDOSC흃ICA
015313,RESECCI흁 DE TUMOR O LESI흁 DE LA BASE DEL CR쳁EO FOSA MEDIA V페 ENDONASAL (EXTENDIDA)
015314,RESECCI흁 DE TUMOR O LESI흁 DE LA BASE DEL CR쳁EO FOSA INFRATEMPORAL TRANSPTERIGOIDEA
015401,"RESECCI흁 DE TUMOR O LESI흁 DE LA BASE DEL CR쳁EO FOSA POSTERIOR, V페 EXTREMO LATERAL"
015402,"RESECCI흁 DE TUMOR O LESI흁 DE LA BASE DEL CR쳁EO FOSA POSTERIOR, V페 FRONTO ORBITO ETMOIDAL"
015403,"RESECCI흁 DE TUMOR O LESI흁 DE LA BASE DEL CR쳁EO FOSA POSTERIOR, V페 SUBTEMPORAL PREAUR펚ULAR INFRATEMPORAL Y CERVICOTOMIA TRANSMANDIBULAR"
015404,"RESECCI흁 DE TUMOR O LESI흁 DE LA BASE DEL CR쳁EO FOSA POSTERIOR, V페 TRANSORAL"
015405,"RESECCI흁 DE TUMOR O LESI흁 DE LA BASE DEL CR쳁EO FOSA POSTERIOR, V페 MAXILOTOM페 EXTENDIDA"
015406,"RESECCI흁 DE TUMOR O LESI흁 DE LA BASE DEL CR쳁EO FOSA POSTERIOR, V페 TRANSLABERINTICA"
015407,"RESECCI흁 DE TUMOR O LESI흁 DE LA BASE DEL CR쳁EO FOSA POSTERIOR, V페 TRANSCOCLEAR"
015408,"RESECCI흁 DE TUMOR O LESI흁 DE LA BASE DEL CR쳁EO FOSA POSTERIOR, V페 FOSA MEDIA"
015409,"RESECCI흁 DE TUMOR O LESI흁 DE LA BASE DEL CR쳁EO FOSA POSTERIOR, V페 SUBOCCIPITAL RETROMASTOIDEA"
015410,RESECCI흁 DE TUMOR O LESI흁 DE LA BASE DEL CR쳁EO FOSA POSTERIOR
015411,RESECCI흁 DE TUMOR O LESI흁 DE LA BASE DEL CR쳁EO FOSA POSTERIOR V페 ENDONASAL (EXTENDIDA)
015412,RESECCI흁 DE TUMOR O LESI흁 DE LA BASE DEL CR쳁EO FOSA POSTERIOR V페 TRANSTUBERCULOYUGULAR O TRANSCONDILAR
015502,RESECCI흁 DE TEJIDO CRANEAL
016101,"RESECCI흁 TUMOR DE MENINGE CEREBRAL, POR CRANEOTOM페"
016102,"RESECCI흁 TUMOR DE MENINGE CEREBRAL, POR CRANIECTOM페 CON DUROPLASTIA Y CRANEOPLASTIA"
016103,RESECCI흁 DE TUMORES EN MENINGES CEREBRALES
016201,"RESECCI흁 TUMOR DE LA HOZ, POR CRANEOTOM페 Y PLASTIA"
016202,RESECCI흁 TUMORES DE LA HOZ
016301,"RESECCI흁 TUMOR DEL TENTORIO, POR CRANEOTOM페"
016302,RESECCI흁 TUMORES DEL TENTORIO
016402,RESECCI흁 DE OTRA LESI흁 DE MENINGE CEREBRAL
017201,"RESECCI흁 DE TUMOR SUPRATENTORIAL HEMISFRICO, POR CRANEOTOM페"
017202,"RESECCI흁 DE TUMOR SUPRATENTORIAL HEMISFRICO, POR CRANEOTOM페 OSTEOPL쳅TICA"
017203,"RESECCI흁 DE TUMOR SUPRATENTORIAL HEMISFRICO, POR CRANEOTOM페 GUIADA POR ESTEREOTAXIA"
017204,"RESECCI흁 DE TUMOR SUPRATENTORIAL HEMISFRICO,CON ESTIMULACI흁 CORTICAL"
017205,"RESECCI흁 VOLUM텞RICA DE TUMOR SUPRATENTORIAL HEMISFRICO,CON ESTEREOTAXIA"
017206,RESECCI흁 DE TUMORES SUPRATENTORIALES HEMISFRICOS
017301,"RESECCI흁 TUMOR INTRACEREBELOSO, POR CRANEOTOM페 SUBOCCIPITAL"
017302,RESECCI흁 TUMORES INFRATENTORIALES HEMISFRICOS
017401,RESECCI흁 DE LESI흁 O TUMOR DE L펥EA MEDIA SUPRATENTORIAL POR CRANEOTOM페
017403,RESECCI흁 DE LESI흁 O TUMOR DE L펥EA MEDIA SUPRATENTORIALES V페 ENDOSC흃ICA
017405,RESECCI흁 DE LESI흁 O TUMOR DE LA REGI흁 PINEAL V페 INFRATENTORIAL
017406,RESECCI흁 DE LESI흁 O TUMOR DE LA REGI흁 PINEAL V페 ENDOSC흃ICA
017501,"RESECCI흁 DE TUMOR DE L펥EA MEDIA INFRATENTORIAL, EXTRA AXIAL, POR CRANEOTOM페 SUBOCCIPITAL"
017502,"RESECCI흁 DE TUMOR DE L펥EA MEDIA INFRATENTORIAL, EXTRA AXIAL, POR CRANEOTOM페 GUIADA POR ESTEREOTAXIA"
017504,"RESECCI흁 DE LESIONES EXOF펪ICAS S휿IDAS EN TRONCO CEREBRAL (EXTRA AXIALES), POR CRANEOTOM페 SUBOCCIPITAL"
017505,"RESECCI흁 DE LESIONES EXOF펪ICAS S휿IDAS EN TRONCO CEREBRAL (EXTRA AXIALES), POR CRANEOTOM페 DE FOSA MEDIA"
017508,"RESECCI흁 DE LESIONES S휿IDAS O QU펩TICAS INTRAAXIALES (TRONCO CEREBRAL), POR CRANEOTOM페 SUBOCCIPITAL"
017509,"RESECCI흁 DE LESIONES S휿IDAS O QU펩TICAS INTRAAXIALES (TRONCO CEREBRAL), POR CRANEOTOM페 SUBTEMPORAL"
017601,"RESECCI흁 DE LESIONES VENTRICULARES SUPRATENTORIALES, POR CRANEOTOM페"
017603,"RESECCI흁 DE LESIONES VENTRICULARES SUPRATENTORIALES, POR ENDOSCOPIA"
017701,"RESECCI흁 DE LESIONES VENTRICULARES INFRATENTORIALES, POR CRANEOTOM페 SUBOCCIPITAL"
017702,"RESECCI흁 DE LESIONES VENTRICULARES INFRATENTORIALES, POR ENDOSCOPIA"
017801,RESECCI흁 DE LESIONES INTRAVENTRICULARES DE L펥EA MEDIA POR CRANEOTOM페
017802,RESECCI흁 DE LESIONES INTRAVENTRICULARES DE L펥EA MEDIA
017803,RESECCI흁 DE LESIONES INTRAVENTRICULARES DE L펥EA MEDIA V페 ENDOSC흃ICA
017806,DRENAJE DE QUISTE TUMORAL DE L펥EA MEDIA INTRAVENTRICULAR POR CRANEOTOM페
017807,DRENAJE DE QUISTE TUMORAL DE L펥EA MEDIA INTRAVENTRICULAR V페 ENDOSC흃ICA
018202,HEMISFERECTOM페 CEREBELOSA
019101,LOBECTOM페 POR CRANEOTOM페
023403,DERIVACI흁 VENTRICULAR A CAVIDAD Y RGANOS ABDOMINALES
025000,"IMPLANTE DE CAT텞ER (INTRAVENTRICULAR, INTRAC펩TICO) CON RESERVORIO SUBCUT쳁EO SOD"
034101,"RESECCI흁 DE TUMOR DEL FOR쳀EN MAGNO, POR CRANEOTOM페 DE FOSA POSTERIOR Y ESCISI흁 DE ARCO POSTERIOR DE ATLAS V페 POSTERIOR"
034102,"RESECCI흁 DE TUMOR DEL FOR쳀EN MAGNO, V페 TRANSCONDILEA"
034103,"RESECCI흁 DE TUMOR DEL FOR쳀EN MAGNO, V페 TRANSORAL"
034208,RESECCI흁 DE TUMOR O LESI흁 O LESI흁 INTRARAQU펛EO EXTRADURAL C1 C2 V페 ABIERTA
034209,RESECCI흁 DE TUMOR O LESI흁 O LESI흁 INTRARAQU펛EO EXTRADURAL C1 C2 V페 PERCUT쳁EA
034210,RESECCI흁 DE TUMOR O LESI흁 O LESI흁 INTRARAQU펛EO EXTRADURAL C1 C2 V페 ENDOSC흃ICA
034211,RESECCI흁 DE TUMOR O LESI흁 O LESI흁 INTRARAQU펛EO EXTRADURAL SUBAXIAL HASTA DOS SEGMENTOS V페 ABIERTA
034213,RESECCI흁 DE TUMOR O LESI흁 INTRARAQU펛EO EXTRADURAL SUBAXIAL HASTA DOS SEGMENTOS V페 ENDOSC흃ICA
034214,RESECCI흁 DE TUMOR O LESI흁 INTRARAQU펛EO EXTRADURAL SUBAXIAL M쳅 DE DOS SEGMENTOS V페 ABIERTA
034216,RESECCI흁 DE TUMOR O LESI흁 INTRARAQU펛EO EXTRADURAL SUBAXIAL M쳅 DE DOS SEGMENTOS V페 ENDOSC흃ICA
034217,RESECCI흁 DE TUMOR O LESI흁 INTRARAQU펛EO EXTRADURAL TOR첶ICO HASTA DOS SEGMENTOS V페 ABIERTA
034219,RESECCI흁 DE TUMOR O LESI흁 INTRARAQU펛EO EXTRADURAL TOR첶ICO HASTA DOS SEGMENTOS V페 ENDOSC흃ICA
034220,RESECCI흁 DE TUMOR O LESI흁 INTRARAQU펛EO EXTRADURAL TOR첶ICO M쳅 DE DOS SEGMENTOS V페 ABIERTA
034222,RESECCI흁 DE TUMOR O LESI흁 INTRARAQU펛EO EXTRADURAL TOR첶ICO M쳅 DE DOS SEGMENTOS V페 ENDOSC흃ICA
034223,RESECCI흁 DE TUMOR O LESI흁 INTRARAQU펛EO EXTRADURAL LUMBAR HASTA DOS SEGMENTOS V페 ABIERTA
034225,RESECCI흁 DE TUMOR O LESI흁 INTRARAQU펛EO EXTRADURAL LUMBAR HASTA DOS SEGMENTOS V페 ENDOSC흃ICA
034226,RESECCI흁 DE TUMOR O LESI흁 INTRARAQU펛EO EXTRADURAL LUMBAR M쳅 DE DOS SEGMENTOS V페 ABIERTA
034228,RESECCI흁 DE TUMOR O LESI흁 INTRARAQU펛EO EXTRADURAL LUMBAR M쳅 DE DOS SEGMENTOS V페 ENDOSC흃ICA
034229,RESECCI흁 DE TUMOR O LESI흁 INTRARAQU펛EO SACRO V페 ABIERTA
034230,RESECCI흁 DE TUMOR O LESI흁 INTRARAQU펛EO SACRO V페 ENDOSC흃ICA
034307,RESECCI흁 DE TUMOR RADICULAR EN RELOJ DE ARENA EN CANAL VERTEBRAL EXTRADURAL CON EXTENSI흁 FORAMINAL
034308,RESECCI흁 DE TUMOR RADICULAR EN RELOJ DE ARENA EN CANAL VERTEBRAL INTRA Y EXTRADURAL CON EXTENSI흁 FORAMINAL
034309,RESECCI흁 DE TUMOR O LESI흁 INTRARAQU펛EO INTRADURAL C1 C2 V페 ABIERTA
034310,RESECCI흁 DE TUMOR O LESI흁 INTRARAQU펛EO INTRADURAL C1 C2 V페 PERCUT쳁EA
034311,RESECCI흁 DE TUMOR O LESI흁 INTRARAQU펛EO INTRADURAL C1 C2 V페 ENDOSC흃ICA
034312,RESECCI흁 DE TUMOR O LESI흁 INTRARAQU펛EO INTRADURAL SUBAXIAL HASTA DOS SEGMENTOS V페 ABIERTA
034313,RESECCI흁 DE TUMOR O LESI흁 INTRARAQU펛EO INTRADURAL SUBAXIAL HASTA DOS SEGMENTOS  V페 PERCUT쳁EA
034314,RESECCI흁 DE TUMOR O LESI흁 INTRARAQU펛EO INTRADURAL SUBAXIAL HASTA DOS SEGMENTOS V페 ENDOSC흃ICA
034315,RESECCI흁 DE TUMOR O LESI흁 INTRARAQU펛EO INTRADURAL SUBAXIAL M쳅 DE DOS SEGMENTOS V페 ABIERTA
034316,RESECCI흁 DE TUMOR O LESI흁 INTRARAQU펛EO INTRADURAL SUBAXIAL M쳅 DE DOS SEGMENTOS  V페 PERCUT쳁EA
034317,RESECCI흁 DE TUMOR O LESI흁 INTRARAQU펛EO INTRADURAL SUBAXIAL M쳅 DE DOS SEGMENTOS V페 ENDOSC흃ICA
034318,RESECCI흁 DE TUMOR O LESI흁 INTRARAQU펛EO INTRADURAL TOR첶ICO HASTA DOS SEGMENTOS V페 ABIERTA
034319,RESECCI흁 DE TUMOR O LESI흁 INTRARAQU펛EO INTRADURAL TOR첶ICO HASTA DOS SEGMENTOS  V페 PERCUT쳁EA
034320,RESECCI흁 DE TUMOR O LESI흁 INTRARAQU펛EO INTRADURAL TOR첶ICO HASTA DOS SEGMENTOS V페 ENDOSC흃ICA
034321,RESECCI흁 DE TUMOR O LESI흁 INTRARAQU펛EO INTRADURAL TOR첶ICO M쳅 DE DOS SEGMENTOS V페 ABIERTA
034322,RESECCI흁 DE TUMOR O LESI흁 INTRARAQU펛EO INTRADURAL TOR첶ICO M쳅 DE DOS SEGMENTOS  V페 PERCUT쳁EA
034323,RESECCI흁 DE TUMOR O LESI흁 INTRARAQU펛EO INTRADURAL TOR첶ICO M쳅 DE DOS SEGMENTOS V페 ENDOSC흃ICA
034324,RESECCI흁 DE TUMOR O LESI흁 INTRARAQU펛EO INTRADURAL LUMBAR HASTA DOS SEGMENTOS V페 ABIERTA
034325,RESECCI흁 DE TUMOR O LESI흁 INTRARAQU펛EO INTRADURAL LUMBAR HASTA DOS SEGMENTOS  V페 PERCUT쳁EA
034326,RESECCI흁 DE TUMOR O LESI흁 INTRARAQU펛EO INTRADURAL LUMBAR HASTA DOS SEGMENTOS V페 ENDOSC흃ICA
034327,RESECCI흁 DE TUMOR O LESI흁 INTRARAQU펛EO INTRADURAL LUMBAR M쳅 DE DOS SEGMENTOS V페 ABIERTA
034328,RESECCI흁 DE TUMOR O LESI흁 INTRARAQU펛EO INTRADURAL LUMBAR M쳅 DE DOS SEGMENTOS  V페 PERCUT쳁EA
034329,RESECCI흁 DE TUMOR O LESI흁 INTRARAQU펛EO INTRADURAL LUMBAR M쳅 DE DOS SEGMENTOS V페 ENDOSC흃ICA
034330,RESECCI흁 DE TUMOR O LESI흁 INTRARAQU펛EO INTRADURAL SACRO V페 ABIERTA
034331,RESECCI흁 DE TUMOR O LESI흁 INTRARAQU펛EO INTRADURAL SACRO V페 ENDOSC흃ICA
034403,RESECCI흁 DE TUMOR O LESI흁 INTRADURAL INTRAMEDULAR C1 C2 V페 ABIERTA
034404,RESECCI흁 DE TUMOR O LESI흁 INTRADURAL INTRAMEDULAR C1 C2 V페 PERCUT쳁EA
034405,RESECCI흁 DE TUMOR O LESI흁 INTRADURAL INTRAMEDULAR C1 C2 V페 ENDOSC흃ICA
034406,RESECCI흁 DE TUMOR O LESI흁 INTRADURAL INTRAMEDULAR SUBAXIAL HASTA DOS SEGMENTOS V페 ABIERTA
034407,RESECCI흁 DE TUMOR O LESI흁 INTRADURAL INTRAMEDULAR SUBAXIAL HASTA DOS SEGMENTOS  V페 PERCUT쳁EA
034408,RESECCI흁 DE TUMOR O LESI흁 INTRADURAL INTRAMEDULAR SUBAXIAL HASTA DOS SEGMENTOS V페 ENDOSC흃ICA
034409,RESECCI흁 DE TUMOR O LESI흁 INTRADURAL INTRAMEDULAR SUBAXIAL M쳅 DE DOS SEGMENTOS V페 ABIERTA
034410,RESECCI흁 DE TUMOR O LESI흁 INTRADURAL INTRAMEDULAR SUBAXIAL M쳅 DE DOS SEGMENTOS  V페 PERCUT쳁EA
034411,RESECCI흁 DE TUMOR O LESI흁 INTRADURAL INTRAMEDULAR SUBAXIAL M쳅 DE DOS SEGMENTOS V페 ENDOSC흃ICA
034412,RESECCI흁 DE TUMOR O LESI흁 INTRADURAL INTRAMEDULAR TOR첶ICO HASTA DOS SEGMENTOS V페 ABIERTA
034413,RESECCI흁 DE TUMOR O LESI흁 INTRADURAL INTRAMEDULAR TOR첶ICO HASTA DOS SEGMENTOS  V페 PERCUT쳁EA
034414,RESECCI흁 DE TUMOR O LESI흁 INTRADURAL INTRAMEDULAR TOR첶ICO HASTA DOS SEGMENTOS V페 ENDOSC흃ICA
034415,RESECCI흁 DE TUMOR O LESI흁 INTRADURAL INTRAMEDULAR TOR첶ICO M쳅 DE DOS SEGMENTOS V페 ABIERTA
034416,RESECCI흁 DE TUMOR O LESI흁 INTRADURAL INTRAMEDULAR TOR첶ICO M쳅 DE DOS SEGMENTOS  V페 PERCUT쳁EA
034417,RESECCI흁 DE TUMOR O LESI흁 INTRADURAL INTRAMEDULAR TOR첶ICO M쳅 DE DOS SEGMENTOS V페 ENDOSC흃ICA
034418,RESECCI흁 DE TUMOR O LESI흁 INTRAMEDULAR O MULTIRADICULAR LUMBAR HASTA DOS SEGMENTOS V페 ABIERTA
034419,RESECCI흁 DE TUMOR O LESI흁 INTRAMEDULAR O MULTIRADICULAR LUMBAR HASTA DOS SEGMENTOS V페 PERCUT쳁EA
034420,RESECCI흁 DE TUMOR O LESI흁 INTRAMEDULAR O MULTIRADICULAR LUMBAR HASTA DOS SEGMENTOS V페 ENDOSC흃ICA
034421,RESECCI흁 DE TUMOR O LESI흁 INTRAMEDULAR O MULTIRADICULAR LUMBAR M쳅 DE DOS SEGMENTOS V페 ABIERTA
034422,RESECCI흁 DE TUMOR O LESI흁 INTRAMEDULAR O MULTIRADICULAR LUMBAR M쳅 DE DOS SEGMENTOS  V페 PERCUT쳁EA
034423,RESECCI흁 DE TUMOR O LESI흁 INTRAMEDULAR O MULTIRADICULAR LUMBAR M쳅 DE DOS SEGMENTOS V페 ENDOSC흃ICA
034424,RESECCI흁 DE TUMOR O LESI흁 MULTIRADICULAR SACRO V페 ABIERTA
034425,RESECCI흁 DE TUMOR O LESI흁 MULTIRADICULAR SACRO V페 ENDOSC흃ICA
035105,"CORRECCI흁 DE MALFORMACI흁 DE M텏ULA ESPINAL, CON RESECCI흁 DE TABIQUE 흅EO"
035107,"CORRECCI흁 DE MALFORMACI흁 DE M텏ULA ESPINAL, CON RESECCI흁 DE CELE, DUROPLASTIA Y PLASTIA DE PIEL"
036101,LISIS O RESECCI흁 DE ADHERENCIAS EXTRADURALES EN M텏ULA ESPINAL O RA펚ES DE NERVIOS ESPINALES V페 ABIERTA
036102,LISIS O RESECCI흁 DE ADHERENCIAS EXTRADURALES EN M텏ULA ESPINAL O RA펚ES DE NERVIOS ESPINALES V페 ENDOSC흃ICA
036103,LISIS O RESECCI흁 DE ADHERENCIAS EXTRADURALES EN M텏ULA ESPINAL O RA펚ES DE NERVIOS ESPINALES V페 PERCUT쳁EA
40001,RESECCI흁 DE LESI흁 DE NERVIO DEL CONDUCTO AUDITIVO INTERNO V페 RETROLABER펥TICA
40002,RESECCI흁 DE LESI흁 DE NERVIO DEL CONDUCTO AUDITIVO INTERNO V페 FOSA MEDIA
40003,RESECCI흁 DE LESI흁 DE NERVIO DEL CONDUCTO AUDITIVO INTERNO V페 SUBOCCIPITAL O RETROSIGMOIDEA
40004,RESECCI흁 DE LESI흁 DE NERVIO DEL CONDUCTO AUDITIVO INTERNO V페 TRANSLABER펥TICA
40005,RESECCI흁 DE LESI흁 DE NERVIO DEL CONDUCTO AUDITIVO INTERNO V페 TRANS흆ICA O TRANSCOCLEAR
040701,"RESECCI흁 DE TUMOR PRIMARIO DEL NERVIO 흃TICO, POR CRANEOTOM페 SUBFRONTAL"
040702,"RESECCI흁 DE TUMOR PRIMARIO DEL NERVIO 흃TICO, POR ORBITOTOM페 LATERAL"
040704,"NEURECTOM페 DEL NERVIO TRIGEMINAL, POR CRANEOTOM페 DE FOSA MEDIA"
040705,NEURECTOM페 DE NERVIO PERIFRICO EN CABEZA O CUELLO
040712,RESECCI흁 DE TUMOR DE NERVIO EN MU홥N (DE AMPUTACI흁 O HERIDA) O EN PLEJO
040713,NEURECTOM페 DE OTRO NERVIO PERIFRICO V페 ABIERTA
040714,NEURECTOM페 DE OTRO NERVIO PERIFRICO V페 ENDOSC흃ICA
040716,RESECCI흁 DE TUMOR MALIGNO DE NERVIO EN BRAZO V페 ABIERTA
040718,RESECCI흁 DE TUMOR MALIGNO DE NERVIO EN ANTEBRAZO V페 ABIERTA
040722,RESECCI흁 DE TUMOR MALIGNO DE NERVIO EN MUSLO V페 ABIERTA
040724,NEURECTOM페 O RESECCI흁 DE TUMOR MALIGNO EN HUECO POPL펪EO V페 ABIERTA
040726,RESECCI흁 DE TUMOR MALIGNO DE NERVIO EN PIERNA V페 ABIERTA
040728,RESECCI흁 DE TUMOR MALIGNO DE NERVIO EN TOBILLO V페 ABIERTA
040731,RESECCI흁 DE TUMOR MALIGNO DE NERVIO EN PIE V페 ABIERTA
044203,DESCOMPRESI흁 NEUROVASCULAR DE NERVIOS CRANEALES BAJOS (IX X XI XII)
052102,GANGLIONECTOM페
052601,RESECCI흁 DE TUMOR EN NERVIO O GANGLIO SIMP쳆ICO
052602,RESECCI흁 DE TUMOR EN NERVIO O GANGLIO SIMP쳆ICO CERVICAL
060901,DRENAJE DE COLECCI흁 EN REA TIROIDEA POR INCISI흁
062001,TIROIDECTOM페 PARCIAL V페 ABIERTA
062002,TIROIDECTOM페 PARCIAL V페 ENDOSC흃ICA
064101,TIROIDECTOM페 TOTAL V페 ABIERTA
064102,TIROIDECTOM페 TOTAL V페 ENDOSC흃ICA
065101,TIROIDECTOM페 RETROESTERNAL PARCIAL V페 ABIERTA
065102,TIROIDECTOM페 RETROESTERNAL PARCIAL V페 ENDOSC흃ICA
065201,TIROIDECTOM페 RETROESTERNAL TOTAL V페 ABIERTA
067001,RESECCI흁 DE QUISTE O CONDUCTO TIROGLOSO V페 ABIERTA
067002,RESECCI흁 DE QUISTE O CONDUCTO TIROGLOSO V페 ENDOSC흃ICA
067201,RESECCI흁 DE F펩TULA TIROGLOSA V페 ABIERTA
068101,PARATIROIDECTOM페 TOTAL V페 ABIERTA
068102,PARATIROIDECTOM페 TOTAL V페 ENDOSC흃ICA
068901,PARATIROIDECTOM페 PARCIAL V페 ABIERTA
072001,SUPRARRENALECTOM페 PARCIAL UNILATERAL V페 ABIERTA
072002,SUPRARRENALECTOM페 PARCIAL UNILATERAL V페 LAPAROSC흃ICA
072501,SUPRARRENALECTOM페 TOTAL UNILATERAL V페 ABIERTA
072502,SUPRARRENALECTOM페 TOTAL UNILATERAL V페 LAPAROSC흃ICA
075400,ESCISI흁 TOTAL DE GL쳁DULA PINEAL [PINEALECTOM페] SOD
078203,RESECCI흁 TOTAL DEL TIMO V페 ABIERTA
078204,RESECCI흁 TOTAL DEL TIMO POR TORACOSCOPIA
078205,RESECCI흁 PARCIAL DEL TIMO V페 ABIERTA
078206,RESECCI흁 PARCIAL DEL TIMO POR TORACOSCOPIA
082101,RESECCI흁 DE CHALAZI흁 V페 ANTERIOR
082102,RESECCI흁 DE CHALAZI흁 V페 POSTERIOR
082301,"RESECCI흁 DE TUMOR BENIGNO O MALIGNO DE PRPADO, ESPESOR PARCIAL, UN TERCIO"
082302,"RESECCI흁 DE TUMOR BENIGNO O MALIGNO DE PRPADO, ESPESOR PARCIAL, DOS TERCIOS"
082304,"RESECCI흁 DE TUMOR BENIGNO O MALIGNO DE PRPADO, ESPESOR PARCIAL, MAYOR DE DOS TERCIOS"
082403,"RESECCI흁 DE TUMOR BENIGNO O MALIGNO DE PRPADO, ESPESOR TOTAL, UN TERCIO"
082404,"RESECCI흁 DE TUMOR BENIGNO O MALIGNO DE PRPADO, ESPESOR TOTAL, DOS TERCIOS"
082405,"RESECCI흁 DE TUMOR BENIGNO O MALIGNO DE PRPADO, ESPESOR TOTAL, MAYOR DE DOS TERCIOS"
082406,"RESECCI흁 DE TUMOR BENIGNO O MALIGNO DE PRPADO, ESPESOR TOTAL CON CANTO"
082407,"RESECCI흁 DE TUMOR BENIGNO O MALIGNO DE PRPADO, ESPESOR TOTAL CON CANTO Y V페 LAGRIMAL"
083003,"CORRECCI흁 DE PTOSIS PALPEBRAL, POR RESECCI흁 EXTERNA DEL ELEVADOR V페 ANTERIOR"
083004,"CORRECCI흁 DE PTOSIS PALPEBRAL, POR RESECCI흁 EXTERNA DEL ELEVADOR V페 CONJUNTIVAL "
086001,RECONSTRUCCI흁 DE PRPADOS CON COLGAJO
086002,RECONSTRUCCI흁 DE PRPADOS CON INJERTO
086003,RECONSTRUCCI흁 DE PRPADOS POR LIBERACI흁 DE COLGAJO
088403,SUTURA DE PRPADO Y RECONSTRUCCI흁 CON INJERTO O COLGAJO
089302,PLASTIA DE REGI흁 INTERCILIAR POR RESECCI흁 E INJERTO
103106,RESECCI흁 DE TUMOR MALIGNO DE CONJUNTIVA CON INJERTO
103107,RESECCI흁 DE TUMOR MALIGNO DE CONJUNTIVA SIN INJERTO
104001,REPARACI흁 SIMPLE DE SIMBL텑ARON
104002,REPARACI흁 DE SIMBL텑ARON CON INJERTO LIBRE EN CONJUNTIVA
104003,REPARACI흁 DE SIMBL텑ARON CON INJERTO DE TEJIDO EXTRAOCULAR
114102,RESECCI흁 DE TUMOR MALIGNO DE CRNEA 
116104,QUERATOPLASTIA LAMELAR PROFUNDA ASISTIDA
124201,RESECCI흁 DE TUMOR DE IRIS
124401,RESECCI흁 DE LESI흁 O TUMOR EN CUERPO CILIAR
128401,"RESECCI흁 DE TUMOR DE LA ESCLER흆ICA, V페 ABIERTA"
128405,ABLACI흁 DE LESI흁 O TUMOR DE LA ESCLER흆ICA
136401,RESECCI흁 DE MEMBRANA SECUNDARIA MANUAL
136402,RESECCI흁 DE MEMBRANA SECUNDARIA ASISTIDA
137003,INSERCI흁 DE LENTE INTRAOCULAR EN C쳀ARA POSTERIOR SOBRE RESTOS CAPSULARES
142004,ABLACI흁 DE LESI흁 CORIORETINAL
142005,ABLACI흁 DE RETINA AVASCULAR
147401,VITRECTOM페 POSTERIOR CON INSERCI흁 DE SILIC흁 O GASES
154007,RESECCI흁 DE MＣCULOS RECTOS
154008,RESECCI흁 DE MＣCULOS OBLICUOS
164001,ENUCLEACI흁 SIMPLE
165001,EXENTERACI흁 DE LA RBITA
168301,PLASTIA DE RBITA CON RECONSTRUCCI흁 DE FONDOS DE SACO CON INJERTOS
168401,DESCOMPRESI흁 DE RBITA V페 TECHO DE RBITA
168402,DESCOMPRESI흁 DE RBITA V페 LATERAL
168405,DESCOMPRESI흁 DE RBITA V페 INFERIOR O MEDIAL V페 ABIERTA
169006,INYECCI흁 INTRAV펪REA DE SUSTANCIA TERAP텟TICA
169201,RESECCI흁 DE TUMOR MALIGNO DE RBITA
170006,RESECCI흁 PARCIAL DE HUESO TEMPORAL 
170007,RESECCI흁 SUBTOTAL DE HUESO TEMPORAL
170008,RESECCI흁 TOTAL DE HUESO TEMPORAL 
170009,RESECCI흁 DE TUMOR O LESI흁 DE OIDO MEDIO V페 TRANSCANAL
170010,RESECCI흁 DE TUMOR O LESI흁 DE OIDO MEDIO Y MASTOIDES V페 TRANSMASTOIDEA
170011,RESECCI흁 DE TUMOR O LESI흁 DE OIDO MEDIO Y DEL FORAMEN YUGULAR V페 FOSA INFRATEMPORAL
170012,RESECCI흁 DE TUMOR O LESI흁 DE OIDO MEDIO Y DEL FORAMEN YUGULAR V페 TRANSMASTOIDEA
170013,RESECCI흁 DE TUMOR O LESI흁 DE OIDO MEDIO Y DEL FORAMEN YUGULAR V페 TRANSLABER펥TICA
170014,RESECCI흁 DE TUMOR O LESI흁 DE OIDO MEDIO Y DEL FORAMEN YUGULAR V페 TRANSCOCLEAR O TRANSCONDILAR O TRANS흆ICO
182100,RESECCI흁 DE F펩TULA O QUISTE PREAUR펚ULAR SOD
182200,RESECCI흁 DE AP텙DICE PREAUR펚ULAR SOD
182300,RESECCI흁 DE QUISTE DE PABELL흁 AUR펚ULAR SOD
183102,AURICULECTOM페 PARCIAL
183103,AURICULECTOM페 TOTAL
187107,RECONSTRUCCI흁 DE PABELL흁 AUR펚ULAR
204003,MASTOIDECTOM페 CON EPITIMPANECTOM페 O TIMPANOTOM페 POSTERIOR
204201,MASTOIDECTOM페 SIN PRESERVACI흁 DE LA PARED POSTERIOR
218001,RESECCI흁 O ABLACI흁 DE LESI흁 DE PIR쳀IDE NASAL
218002,RINECTOM페
218301,RECONSTRUCCI흁 NASAL CON INJERTO
218302,RECONSTRUCCI흁 NASAL CON COLGAJO FRONTAL
218605,RECONSTRUCCI흁 DE V첿VULA NASAL
219004,RESECCI흁 DE TUMOR MALIGNO DE FOSA NASAL V페 TRANSNASAL  ENDOSC흃ICA
219005,RESECCI흁 DE TUMOR MALIGNO DE FOSA NASAL V페 CRANEOFACIAL
219006,RESECCI흁 DE TUMOR MALIGNO DE FOSA NASAL V페 TRANSORBITARIA
219007,RESECCI흁 DE TUMOR MALIGNO DE FOSA NASAL POR RINOTOM페 LATERAL
219008,RESECCI흁 DE TUMOR MALIGNO DE FOSA NASAL POR DESPEGAMIENTO FACIAL V페 SUBLABIAL
219107,RESECCI흁 DE TUMOR MALIGNO DE CAVUM V페 TRANSPALATINA
219108,RESECCI흁 DE TUMOR MALIGNO DE CAVUM V페 TRANSCLIVAL ENDOSC흃ICA
219109,RESECCI흁 DE TUMOR MALIGNO DE CAVUM V페 TRANSPTERIGOIDEO  ENDOSC흃ICA
222107,ANTROSTOMIA MAXILAR POR MEATO MEDIO V페 TRANSNASAL ENDOSC흃ICA
225004,ETMOIDECTOM페 ANTERIOR Y POSTERIOR REVISIONAL
226001,RESECCI흁 DE TUMOR MALIGNO DE SENO PARANASAL V페  TRANSNASAL ENDOSC흃ICA
226205,RESECCI흁 DE LESI흁 MALIGNA EN SENO MAXILAR V페 TRANSNASAL
226206,RESECCI흁 DE LESI흁 MALIGNA EN SENO MAXILAR V페 TRANSNASAL  ENDOSC흃ICA
226207,RESECCI흁 DE LESI흁 MALIGNA EN SENO MAXILAR CON MAXILECTOM페 MEDIA V페 TRANSNASAL ENDOSC흃ICA
226208,RESECCI흁 DE LESI흁 MALIGNA EN SENO MAXILAR V페 ABIERTA
226301,FRONTO ETMOIDECTOMIA EXTERNA
226305,ETMOIDECTOM페 ANTERIOR Y POSTERIOR V페 TRANSNASAL ENDOSC흃ICA
226307,MAXILOETMOIDECTOM페 V페  TRANSNASAL
231100,EXODONCIA QUIRＢGICA UNIRRADICULAR SOD
231400,"EXODONCIAS M＜TIPLES CON ALVEOLOPLASTIA, POR CUADRANTE SOD"
242201,CURETAJE A CAMPO ABIERTO
242202,"CIRUG페 A COLGAJO CON RESECCI흁 RADICULAR (AMPUTACI흁, HEMISECCI흁)"
243105,ESCISI흁 DE LESI흁 MALIGNA DE ENC페 SIN VACIAMIENTO GANGLIONAR NI RESECCI흁 DE ESTRUCTURAS VECINAS U 흅EAS
243107,"ESCISI흁 DE LESI흁 MALIGNA DE ENC페 CON VACIAMIENTO GANGLIONAR, PISO DE BOCA O LENGUA Y RECONSTRUCCI흁 CON COLGAJO PEDICULADO"
243108,"ESCISI흁 DE LESI흁 MALIGNA DE ENC페 CON VACIAMIENTO GANGLIONAR, RESECCI흁 흅EA Y RECONSTRUCCI흁 CON PLACA Y COLGAJO PEDICULADO"
243109,"ESCISI흁 DE LESI흁 MALIGNA DE ENC페 CON VACIAMIENTO GANGLIONAR, RESECCI흁 흅EA Y RECONSTRUCCI흁 CON PLACA Y COLGAJO LIBRE"
243110,RESECCI흁 DE LESI흁 DE ENC페
244109,RESECCI흁 DE LESI흁 ODONTOG텙ICA SOD
245100,REGULARIZACI흁 DE REBORDES SOD
252001,RESECCI흁 DE LENGUA EN CU헤
252002,RESECCI흁 O ABLACI흁 PARCIAL DE LENGUA 
252501,HEMIGLOSECTOM페 CON CIERRE PRIMARIO
252506,HEMIGLOSECTOM페 CON COLGAJO LOCAL O A DISTANCIA V페 ABIERTA
252508,HEMIGLOSECTOM페 CON RESECCI흁 흅EA V페 ABIERTA
252509,HEMIGLOSECTOM페 CON RESECCI흁 흅EA V페 ENDOSC흃ICA
253401,GLOSECTOM페 TOTAL V페 ABIERTA
260101,SIALOLITOTOM페 V페 ABIERTA
262002,RESECCI흁 DE MUCOCELE DE GL쳁DULA SALIVAL
263101,PAROTIDECTOM페 DEL L휵ULO SUPERFICIAL
263201,PAROTIDECTOM페 TOTAL
263203,SIALOADENECTOM페 DE GL쳁DULA SUBLINGUAL
263204,SIALOADENECTOMIA DE GL쳁DULA SUBMAXILAR (SUBMANDIBULAR)
263206,SIALOADENECTOMIA DE GL쳁DULAS SALIVALES MENORES
273105,ESCISI흁 O RESECCI흁 O ABLACI흁 DE LESI흁 SUPERFICIAL DE PALADAR 흅EO
273201,ESCISI흁 O RESECCI흁 O ABLACI흁 DE LESI흁 PROFUNDA DE PALADAR 흅EO
273202,RESECCI흁 EN BLOQUE DE AP휹ISIS ALVEOLAR Y PALADAR 흅EO
273301,ESCISI흁 O RESECCI흁 O ABLACI흁 DE LESI흁 SUPERFICIAL DE PALADAR BLANDO
273401,ESCISI흁 O RESECCI흁 O ABLACI흁 DE LESI흁 PROFUNDA DE PALADAR BLANDO
273403,PALATECTOM페 DE PALADAR BLANDO TOTAL
274201,RESECCI흁 PARCIAL DE LABIO
274202,RESECCI흁 PARCIAL DE LABIO CON ROTACI흁 DE COLGAJO
274203,RESECCI흁 TOTAL DE LABIO
274303,RESECCI흁 DE TUMOR MALIGNO DE MUCOSA ORAL
274304,"RESECCI흁 DE TUMOR MALIGNO DE MUCOSA ORAL, CON COLGAJO LOCAL O A DISTANCIA"
274305,RESECCI흁 DE LESI흁 EN MUCOSA ORAL
274400,RESECCI흁 DE FOSETAS LABIALES SOD
274902,RESECCI흁 DE BRIDAS INTRAORALES
275301,RESECCI흁 INTRAORAL DE F펩TULA DE BOCA
275302,RESECCI흁 EXTRAORAL DE F펩TULA DE BOCA
277201,RESECCI흁 PARCIAL DE ＦULA
277202,RESECCI흁 TOTAL DE ＦULA
277203,RESECCI흁 DE ＦULA POR ABLACI흁
277301,UVULORRAFIA
282101,AMIGDALECTOM페 V페 ABIERTA
284101,RESECCI흁 DE RESTOS ADENOAMIGDALINOS
285103,"RESECCI흁 O ABLACI흁 DE AM펞DALA LINGUAL, BANDAS FAR펥GEAS LATERALES Y MEMBRANA CONG텙ITA V페 ABIERTA"
285104,"RESECCI흁 O ABLACI흁 DE AM펞DALA LINGUAL, BANDAS FAR펥GEAS LATERALES Y MEMBRANA CONG텙ITA V페 ENDOSC흃ICA"
293307,RESECCI흁 DE TUMOR MALIGNO DE FARINGE V페 ABIERTA
293308,RESECCI흁 DE TUMOR MALIGNO DE FARINGE V페 ENDOSC흃ICA
293501,RESECCI흁 RADICAL DE OROFARINGE (TEJIDOS BLANDOS Y DUROS) V페 ABIERTA
295101,FARINGOPLASTIA CON COLGAJO FAR펥GEO
295201,RESECCI흁 DE F펩TULA BRANQUIAL
295202,RESECCI흁 DE QUISTE BRANQUIAL
295701,RECONSTRUCCI흁 DE FARINGE CON COLGAJO FASCIOCUT쳁EO O MIOCUT쳁EO A DISTANCIA
295702,RECONSTRUCCI흁 DE FARINGE CON COLGAJO LIBRE MICROVASCULAR
300101,RESECCI흁 DE QUISTE VENTRICULAR V페 ABIERTA
300103,RESECCI흁 DE QUISTE VENTRICULAR (MARSUPIALIZACI흁) V페 ENDOSC흃ICA
300201,RESECCI흁 DE LESI흁 EN LAR펥GE V페 ABIERTA
300202,RESECCI흁 ENDOSC흃ICA DE LESI흁 EN LARINGE
300401,RESECCI흁 O LISIS DE ADHERENCIAS DE LAR펥GE V페 ANTERIOR [LARINGOFISURA]
300402,RESECCI흁 O LISIS DE ADHERENCIAS DE LAR펥GE V페 ENDOSC흃ICA
301001,LAR펥GECTOM페 SUPRACRICOIDEA CON CRICOHIODOEPIGLOTOPEXIA
301109,HEMILAR펥GECTOM페 VERTICAL V페 ABIERTA
301402,CORDECTOM페 PARCIAL V페 ENDOSC흃ICA
301403,CORDECTOM페 TOTAL V페 ABIERTA
301404,CORDECTOM페 TOTAL V페 ENDOSC흃ICA
302102,FISTULECTOM페 LARINGOTRAQUEAL V페 ABIERTA
303201,LAR펥GECTOM페 TOTAL V페 ABIERTA
304101,LARINGECTOM페 RADICAL V페 ABIERTA
304102,EXANTERACI흁 CERVICAL
315001,RESECCI흁 O ABLACI흁 DE LESI흁 DE TR쳄UEA V페 ABIERTA
315002,RESECCI흁 O ABLACI흁 DE LESI흁 DE TR쳄UEA CON RECONSTRUCCI흁 E INTERPOSICI흁 DE COLGAJO V페 ABIERTA
315003,RESECCI흁 DE CARINA CON REIMPLANTACI흁 BRONQUIAL
315104,RESECCI흁 O ABLACI흁 DE LESI흁 DE TR쳄UEA V페 ENDOSC흃ICA
317505,RECONSTRUCCI흁 POR RESECCI흁 CRICOTRAQUEAL PARCIAL SIN INJERTO
317506,RECONSTRUCCI흁 POR RESECCI흁 CRICOTRAQUEAL PARCIAL CON INJERTO (EXTENDIDA)
319500,FISTULIZACI흁 TRAQUEOESOF첺ICA SOD
320001,RESECCI흁 O ABLACI흁 DE LESI흁 O TEJIDO EN BRONQUIO CON BRONCOPLASTIA V페 ABIERTA
320002,RESECCI흁 O ABLACI흁 DE LESI흁 O TEJIDO EN BRONQUIO CON BRONCOPLASTIA V페 ENDOSC흃ICA
320003,RESECCI흁 O ABLACI흁 DE LESI흁 O TEJIDO EN BRONQUIO CON BRONCOPLASTIA POR TORACOSCOPIA
320201,RESECCI흁 DE LESI흁 EN BRONQUIO V페 ENDOSC흃ICA 
321201,BRONCOPLASTIA V페 ABIERTA
321204,RESECCI흁 EN MANGUITO CON BRONCOPLASTIA V페 ABIERTA
321205,RESECCI흁 EN MANGUITO CON BRONCOPLASTIA POR TORACOSCOPIA
321303,NEUMORRAFIA V페 ABIERTA
322101,RESECCI흁 DE BULAS PULMONARES V페 ABIERTA
322102,RESECCI흁 DE BULAS PULMONARES POR TORACOSCOPIA
322201,REDUCCI흁 DE VOLUMEN PULMONAR V페 ABIERTA
322801,RESECCI흁 O ABLACI흁 DE LESI흁 O TEJIDO PULMONAR V페 ENDOSC흃ICA 
324101,LOBECTOM페 SEGMENTARIA V페 ABIERTA
324102,LOBECTOM페 SEGMENTARIA POR TORACOSCOPIA
324103,RESECCI흁 EN CU헤 V페 ABIERTA
324104,RESECCI흁 EN CU헤 POR TORACOSCOPIA
324105,RESECCI흁 DE MET쳅TASIS PULMONARES V페 ABIERTA
324106,RESECCI흁 DE MET쳅TASIS PULMONARES POR TORACOSCOPIA
324201,LOBECTOM페 TOTAL PULMONAR V페 ABIERTA
324202,LOBECTOM페 TOTAL PULMONAR POR TORACOSCOPIA
324203,BILOBECTOM페 PULMONAR V페 ABIERTA
324204,BILOBECTOM페 PULMONAR POR TORACOSCOPIA
325201,NEUMONECTOM페 RADICAL V페 ABIERTA
325202,NEUMONECTOM페 RADICAL POR TORACOSCOPIA
340202,TORACOTOM페 PARA ABORDAJE DE COLUMNA
340301,TORACOSTOM페 V페 ABIERTA CON RESECCI흁 COSTAL
340401,TORACOSTOM페 CERRADA PARA DRENAJE
340602,ESCISI흁 O ABLACI흁 RADICAL DE PARED TOR첶ICA
340903,RECONSTRUCCI흁 DE LA PARED TOR첶ICA ANTERIOR CON COLGAJO (MUSCULAR O DE EPIPL흁)
340904,RECONSTRUCCI흁 DE LA PARED TOR첶ICA CON DISPOSITIVO
340909,RECONSTRUCCI흁 DEL ESTERN흁 CON INTERPOSICI흁 DE MＣCULOS
340910,RECONSTRUCCI흁 DE ESTERN흁 CON DISPOSITIVO
341401,RESECCI흁 DE TUMOR MALIGNO DEL MEDIASTINO POR TORACOTOM페
341402,RESECCI흁 DE TUMOR MALIGNO DEL MEDIASTINO POR ESTERNOTOM페
341403,RESECCI흁 DE TUMOR MALIGNO DEL MEDIASTINO POR TORACOSCOPIA
341501,EXTRACCI흁 DE CUERPO EXTRA헲 DE MEDIASTINO POR TORACOTOM페  CON O SIN RESECCI흁 DE COSTILLA
345101,PLEURECTOM페 PARIETAL V페 ABIERTA
345102,PLEURECTOM페 PARIETAL POR TORACOSCOPIA
345202,PLEURODESIS QU펤ICA POR TORACOSCOPIA
345203,PLEURODESIS QU펤ICA POR TORACOSTOM페 CERRADA
345204,PLEURODESIS MEC쳁ICA V페 ABIERTA
345205,PLEURODESIS MEC쳁ICA POR TORACOSCOPIA
345301,DECORTICACI흁 PULMONAR V페 ABIERTA
345302,DECORTICACI흁 PULMONAR POR TORACOSCOPIA
345501,RESECCI흁 DE TUMOR DE PLEURA V페 ABIERTA
345502,RESECCI흁 DE TUMOR DE PLEURA POR TORACOSCOPIA
345503,LISIS DE ADHERENCIAS PLEURALES V페 ABIERTA
351403,VALVULOPLASTIA TRICUSP펛EA V페 PERCUT쳁EA (ENDOVASCULAR)
353503,RESECCI흁 DE MEMBRANA SUBARTICA V페 ABIERTA
353504,RESECCI흁 DE MEMBRANA SUBARTICA M펥IMAMENTE INVASIVA
358701,REPARACI흁 DE COARTACI흁 ARTICA CON RESECCI흁 Y ANASTOMOSIS T-T
358702,REPARACI흁 DE COARTACI흁 ARTICA CON RESECCI흁 Y COLGAJO DE SUBCLAVIA
358705,RESECCI흁 ARTERIAL Y LIBERACI흁 DE TEJIDOS VECINOS (CORRECCI흁 DE ANILLO VASCULAR)
371202,PERICARDIOTOM페 V페 ABIERTA
373303,RESECCI흁 ENDOMIOCRDICA
373307,RESECCI흁 DE HACES AN흀ALOS DEL SISTEMA DE CONDUCCI흁 V페 ABIERTA
373308,RESECCI흁 DE HACES AN흀ALOS DEL SISTEMA DE CONDUCCI흁 M펥IMAMENTE INVASIVA
373309,RESECCI흁 DE LESI흁 O TEJIDO DEL CORAZ흁 V페 ABIERTA
373310,RESECCI흁 DE LESI흁 O TEJIDO DEL CORAZ흁 M펥IMAMENTE INVASIVA
383201,"RESECCI흁 DE MALFORMACI흁 ARTERIOVENOSA DE CUERO CABELLUDO, CARA O CUELLO"
383202,RESECCI흁 ARTERIAL CON ANASTOMOSIS TERMINO TERMINAL EN ZONA I Y III DE CUELLO
383203,RESECCI흁 ARTERIAL CON ANASTOMOSIS TERMINO TERMINAL EN ZONA II DE CUELLO
383204,RESECCI흁 VENOSA CON ANASTOMOSIS TERMINO TERMINAL EN ZONA I Y III DE CUELLO
383205,RESECCI흁 VENOSA CON ANASTOMOSIS TERMINO TERMINAL EN ZONA II DE CUELLO
383206,RESECCI흁 CON ANASTOMOSIS DE VASOS DE CABEZA Y CUELLO
383301,RESECCI흁 CON ANASTOMOSIS PRIMARIA DE SUBCLAVIA
383302,RESECCI흁 CON ANASTOMOSIS PRIMARIA AXILAR
383303,RESECCI흁 CON ANASTOMOSIS TERMINO-TERMINAL EN BRAZO O ANTEBRAZO
383304,RESECCI흁 CON ANASTOMOSIS DE VASOS DE MIEMBROS SUPERIORES
383404,RESECCI흁 CON ANASTOMOSIS DE AORTA
383601,RESECCI흁 CON ANASTOMOSIS TERMINO-TERMINAL DE ARTERIAS ABDOMINALES
383602,RESECCI흁 CON ANASTOMOSIS DE ARTERIAS ABDOMINALES
383701,RESECCI흁 CON ANASTOMOSIS TERMINO-TERMINAL DE VENAS ABDOMINALES
383702,RESECCI흁 CON ANASTOMOSIS DE VENAS ABDOMINALES
383803,RESECCI흁 CON ANASTOMOSIS DE ARTERIAS DE MIEMBROS INFERIORES
383903,RESECCI흁 CON ANASTOMOSIS DE VENAS DE MIEMBROS INFERIORES
384201,RESECCI흁 CON INJERTO AUT휿OGO O PR흆ESIS DE VASOS DE LA ZONA I Y III DEL CUELLO
384202,RESECCI흁 CON INJERTO AUT휿OGO O PR흆ESIS DE VASOS DE LA ZONA II DEL CUELLO
384301,RESECCI흁 DE SUBCLAV페 CON INTERPOSICI흁 DE INJERTO O PR흆ESIS
384302,RESECCI흁 AXILAR CON INTERPOSICI흁 DE INJERTO O PR흆ESIS
384303,RESECCI흁 EN BRAZO O ANTEBRAZO CON INTERPOSICI흁 DE INJERTO O PR흆ESIS
384304,RESECCI흁 CON SUSTITUCI흁 DE VASOS DE MIEMBROS SUPERIORES
384400,RESECCI흁 CON SUSTITUCI흁 DE AORTA ABDOMINAL SOD
384500,RESECCI흁 CON SUSTITUCI흁 DE VASOS TOR첶ICOS SOD
384600,RESECCI흁 CON SUSTITUCI흁 DE ARTERIAS ABDOMINALES SOD
384700,RESECCI흁 CON SUSTITUCI흁 DE VENAS ABDOMINALES SOD
384801,RESECCI흁 ARTERIAL SUPRAPATELAR CON INJERTO AUT휿OGO O PR흆ESIS
384802,RESECCI흁 ARTERIAL INFRAPATELAR CON INJERTO AUT휿OGO O PR흆ESIS
384803,RESECCI흁 CON SUSTITUCI흁 DE ARTERIAS DE MIEMBROS INFERIORES
384902,RESECCI흁 CON SUSTITUCI흁 DE VENAS DE MIEMBROS INFERIORES
388904,LIGADURA Y ESCISI흁 DE SAFENA INTERNA
398001,RESECCI흁 DE TUMOR DE CUERPO CAROT펛EO (QUEMODECTOM페) SIN ESCISI흁 DE LA CAR흆IDA
398002,RESECCI흁 DE TUMOR DE CUERPO CAROT펛EO (QUEMODECTOM페) CON ESCISI흁 DE LA CAR흆IDA
399903,RESECCI흁 DE MALFORMACI흁 VASCULAR EN CUERO CABELLUDO CARA O CUELLO
402101,ESCISI흁 DE GANGLIO LINF쳆ICO CERVICAL PROFUNDO
402201,ESCISI흁 DE GANGLIO LINF쳆ICO MAMARIO INTERNO
402301,ESCISI흁 DE GANGLIO LINF쳆ICO AXILAR V페 ABIERTA
402400,ESCISI흁 DE GANGLIO LINF쳆ICO INGUINAL SOD
403000,"ESCISI흁 DE GANGLIO LINF쳆ICO REGIONAL EXTENDIDA AL REA DE DRENAJE LINF쳆ICO, INCLUSO PIEL Y TEJIDO CELULAR SUBCUT쳁EO SOD"
404001,VACIAMIENTO LINF쳆ICO RADICAL O RADICAL MODIFICADO DE CUELLO UNILATERAL V페 ABIERTA
404002,VACIAMIENTO LINF쳆ICO RADICAL O RADICAL MODIFICADO DE CUELLO UNILATERAL V페 ENDOSC흃ICA
404003,VACIAMIENTO LINF쳆ICO RADICAL  O RADICAL MODIFICADO DE CUELLO BILATERAL V페 ABIERTA
404004,VACIAMIENTO LINF쳆ICO RADICAL  O RADICAL MODIFICADO DE CUELLO BILATERAL V페 ENDOSC흃ICA
404401,VACIAMIENTO LINF쳆ICO SELECTIVO [FUNCIONAL] DE CUELLO V페 ABIERTA
404403,VACIAMIENTO LINF쳆ICO SELECTIVO [FUNCIONAL] DE MEDIASTINO POR CERVICOTOM페
405101,VACIAMIENTO RADICAL LINF쳆ICO AXILAR V페 ABIERTA
405102,VACIAMIENTO RADICAL LINF쳆ICO AXILAR V페 ENDOSC흃ICA
405201,VACIAMIENTO RADICAL LINF쳆ICO (LINFADENECTOM페) DE MEDIASTINO V페 ABIERTA
405202,VACIAMIENTO RADICAL LINF쳆ICO (LINFADENECTOM페) DE MEDIASTINO V페 TORACOSC흃ICA
405203,VACIAMIENTO RADICAL LINF쳆ICO (LINFADENECTOM페) DE MEDIASTINO POR MEDIASTINOSCOPIA
405304,"LINFADENECTOM페 RADICAL INGUINOFEMORAL, UNILATERAL V페 ABIERTA"
405305,"LINFADENECTOM페 RADICAL INGUINOFEMORAL, UNILATERAL V페 LAPAROSC흃ICA"
405306,LINFADENECTOM페 RADICAL INGUINOIL페CO BILATERAL V페 ABIERTA
405307,LINFADENECTOM페 RADICAL INGUINOIL페CO  BILATERAL V페 LAPAROSC흃ICA
405404,LINFADENECTOM페 RADICAL ABDOMINAL V페 ABIERTA
405405,LINFADENECTOM페 RADICAL ABDOMINAL V페 LAPAROSC흃ICA
405406,LINFADENECTOM페 RADICAL P텗VICA V페 ABIERTA
405407,LINFADENECTOM페 RADICAL P텗VICA V페 LAPAROSC흃ICA
405408,LINFADENECTOM페 RADICAL EXTRAPERITONEAL V페 ABIERTA
405409,LINFADENECTOM페 RADICAL EXTRAPERITONEAL V페 LAPAROSC흃ICA
405411,LINFADENECTOM페 RADICAL ABDOMINO INGUINAL V페 ABIERTA
405412,LINFADENECTOM페 RADICAL ABDOMINO INGUINAL V페 LAPAROSC흃ICA
405502,RESECCI흁 RADICAL DE GANGLIOS LINF쳆ICOS RETROPERITONEALES V페 ABIERTA
405503,LINFADENECTOM페 RETROPERITONEAL V페 LAPAROSC흃ICA
405601,VACIAMIENTO RADICAL EPITROCLEAR V페 ABIERTA
410501,TRASPLANTE AUT휿OGO DE M텏ULA OSEA
414202,ESCISI흁 O ABLACI흁 DE LESI흁 O TEJIDO DE BAZO V페 LAPAROSC흃ICA
414301,ESPLENECTOM페 PARCIAL V페 ABIERTA
415102,ESPLENECTOM페 TOTAL V페 ABIERTA
415103,ESPLENECTOM페 TOTAL V페 LAPAROSC흃ICA
420101,DRENAJE DE COLECCI흁 DE ES휹AGO POR ESOFAGOTOM페 V페 ABIERTA
421101,ESOFAGOSTOM페 CON MIOTOM페 CERVICAL V페 ABIERTA
423204,RESECCI흁 DE LESI흁 O TUMOR DE ES휹AGO CERVICAL V페 ABIERTA
423205,RESECCI흁 DE LESI흁 O TUMOR DE ES휹AGO TOR첶ICO V페 ABIERTA
423206,RESECCI흁 DE LESI흁 O TUMOR DE ES휹AGO TOR첶ICO V페 TORACOSC흃ICA
423207,RESECCI흁 DE LESI흁 O TUMOR DE ES휹AGO ABDOMINAL V페 ABIERTA
423208,RESECCI흁 DE LESI흁 O TUMOR DE ES휹AGO ABDOMINAL V페 LAPAROSC흃ICA
423301,POLIPECTOM페 DE ES휹AGO V페 ENDOSC흃ICA
423308,RESECCI흁 DE LESI흁 MUCOSA DE ES휹AGO V페 ENDOSC흃ICA 
423309,RESECCI흁 DE LESI흁 SUBMUCOSA DE ES휹AGO V페 ENDOSC흃ICA 
424101,ESOFAGECTOM페 PARCIAL V페 ABIERTA
424102,ESOFAGECTOM페 PARCIAL V페 TORACOSC흃ICA
424103,ESOFAGECTOM페 PARCIAL V페 LAPAROSC흃ICA
424201,ESOFAGECTOM페 TOTAL V페 ABIERTA
424203,ESOFAGECTOM페 TOTAL V페 LAPAROSC흃ICA
425201,RECONSTRUCCI흁 O ANASTOMOSIS ESOF첺ICA CON INTERPOSICI흁 DEL EST흀AGO V페 ABIERTA
425203,RECONSTRUCCI흁 O ANASTOMOSIS ESOF첺ICA CON INTERPOSICI흁 DEL EST흀AGO V페  LAPAROSC흃ICA
425301,RECONSTRUCCI흁 O ANASTOMOSIS ESOF첺ICA CON INTERPOSICI흁 DEL INTESTINO DELGADO V페 ABIERTA
425503,RECONSTRUCCI흁 ESOF첺ICA CON INTERPOSICI흁 DE COLON V페 ABIERTA
425504,RECONSTRUCCI흁 ESOF첺ICA CON INTERPOSICI흁 DE COLON V페 TORACOSC흃ICA
425701,RECONSTRUCCI흁 DE ES휹AGO CON COLGAJO LIBRE CON T텎NICA MICROVASCULAR
434001,ESCISI흁 DE P휿IPOS G쳅TRICOS V페 ENDOSC흃ICA
434201,RESECCI흁 DE LESI흁 O TUMOR SUBMUCOSO G쳅TRICO V페 ENDOSC흃ICA
434500,MUCOSECTOMIA ENDOSC흃ICA G쳅TRICA SOD
436101,GASTRODUODENOSTOM페 V페 ABIERTA
437101,GASTROYEYUNOSTOM페 V페 ABIERTA
437102,GASTROYEYUNOSTOM페 V페 LAPAROSC흃ICA
438101,GASTRECTOM페 SUBTOTAL RADICAL V페 ABIERTA
438102,GASTRECTOM페 SUBTOTAL RADICAL V페 LAPAROSC흃ICA
438201,GASTRECTOM페 PARCIAL CON RECONSTRUCCI흁 CON VAGOTOM페 V페 ABIERTA
438202,GASTRECTOM페 PARCIAL CON RECONSTRUCCI흁 CON VAGOTOM페 V페 LAPAROSC흃ICA
438203,GASTRECTOM페 PARCIAL CON RECONSTRUCCI흁 SIN VAGOTOM페 V페 ABIERTA
438204,GASTRECTOM페 PARCIAL CON RECONSTRUCCI흁 SIN VAGOTOM페 V페 LAPAROSC흃ICA
438301,GASTROENTEROANASTOMOSIS DERIVATIVA (DUODENO O YEYUNO) CON EXCLUSI흁 PILRICA V페 ABIERTA
438302,GASTROENTEROANASTOMOSIS DERIVATIVA (DUODENO O YEYUNO) CON EXCLUSI흁 PILRICA V페 LAPAROSC흃ICA
438401,GASTRECTOM페 VERTICAL [MANGA G쳅TRICA] V페 ABIERTA
438501,REINTERVENCI흁 O REVISI흁 DE  GASTRECTOM페 VERTICAL [MANGA G쳅TRICA] V페 ABIERTA
439001,GASTRECTOM페 TOTAL V페 ABIERTA
439002,GASTRECTOM페 TOTAL V페 LAPAROSC흃ICA
439003,GASTRECTOM페 TOTAL RADICAL V페 ABIERTA
439004,GASTRECTOM페 TOTAL RADICAL V페 LAPAROSC흃ICA
439101,RECONSTRUCCI흁 G쳅TRICA CON INTERPOSICI흁 INTESTINAL V페 ABIERTA
439102,RECONSTRUCCI흁 G쳅TRICA CON INTERPOSICI흁 INTESTINAL V페 LAPAROSC흃ICA
439201,RECONSTRUCCI흁 GASTROINTESTINAL EN Y DE ROUX V페 ABIERTA
439202,RECONSTRUCCI흁 GASTROINTESTINAL EN Y DE ROUX V페 LAPAROSC흃ICA
439301,ESOFAGOGASTRECTOM페 V페 ABIERTA
439302,ESOFAGOGASTRECTOM페 V페 LAPAROSC흃ICA
441303,ESOFAGOGASTRODUODENOSCOPIA [EGD] CON MAGNIFICACI흁 O CROMOENDOSCOPIA
442202,DILATACI흁 DE ANASTOMOSIS GASTROENTRICA V페 ENDOSC흃ICA
445101,REANASTOMOSIS DEL EST흀AGO POR DEHISCENCIA DE LA SUTURA V페 ABIERTA
451308,RESECCI흁 O ABLACI흁 DE LESI흁 DE INTESTINO DELGADO V페 ENDOSC흃ICA
452401,SIGMOIDOSCOPIA FLEXIBLE O RIGIDA
453002,RESECCI흁 O ABLACI흁 DE LESI흁 DE DUODENO V페 ENDOSC흃ICA
453100,OTRA ELIMINACI흁 O ESCISI흁 DE LESI흁 DE DUODENO SOD
453304,RESECCI흁 LOCAL DE LESI흁 O TEJIDO DE INTESTINO DELGADO SALVO DUODENO V페 ABIERTA
453305,RESECCI흁 LOCAL DE LESI흁 O TEJIDO DE INTESTINO DELGADO SALVO DUODENO V페 LAPAROSC흃ICA
453306,RESECCI흁 INTESTINAL DE DIVERTICULOS V페 ABIERTA
453307,RESECCI흁 INTESTINAL DE DIVERTICULOS V페 LAPAROSC흃ICA
454101,RESECCI흁 DE LESI흁 O TEJIDO DE INTESTINO GRUESO V페 ABIERTA
454102,RESECCI흁 DE LESI흁 O TEJIDO DE INTESTINO GRUESO V페 LAPAROSC흃ICA
454205,MUCOSECTOM페 DE COLON O RECTO V페 ENDOSC흃ICA
454206,DISECCI흁 DE LA SUBMUCOSA EN COLON O RECTO V페 ENDOSC흃ICA
454207,RESECCI흁 DE LESI흁 DE INTESTINO GRUESO V페 ENDOSC흃ICA (1- 3)
454208,RESECCI흁 DE LESI흁 DE INTESTINO GRUESO V페 ENDOSC흃ICA (4 - 10)
454209,RESECCI흁 DE LESI흁 DE INTESTINO GRUESO V페 ENDOSC흃ICA (11 O M쳅)
456001,RESECCI흁 SEGMENTARIA DE INTESTINO DELGADO V페 ABIERTA
456002,RESECCI흁 SEGMENTARIA DE INTESTINO DELGADO V페 LAPAROSC흃ICA
456101,RESECCI흁 SEGMENTARIA M＜TIPLE DE INTESTINO DELGADO V페 ABIERTA
456102,RESECCI흁 SEGMENTARIA M＜TIPLE DE INTESTINO DELGADO V페 LAPAROSC흃ICA
456201,DUODENECTOM페 V페 ABIERTA
456202,YEYUNECTOM페 V페 ABIERTA
456203,ILECTOM페 V페 ABIERTA
456301,RESECCI흁 TOTAL DE INTESTINO DELGADO V페 ABIERTA
456302,RESECCI흁 TOTAL DE INTESTINO DELGADO V페 LAPAROSC흃ICA
456400,RESECCI흁 INTESTINAL CONDUCTO ONFALOMESENTRICO SOD
457001,COLECTOM페 PARCIAL CON COLOSTOMIA Y CIERRE DE SEGMENTO DISTAL [HARTMAN] V페 ABIERTA
457002,COLECTOM페 PARCIAL CON COLOSTOMIA Y CIERRE DE SEGMENTO DISTAL [HARTMAN] V페 LAPAROSC흃ICA
457101,COLECTOM페 PARCIAL CON COLOSTOM페 O ILEOSTOM페 Y F펩TULA MUCOSA V페 ABIERTA
457102,COLECTOM페 PARCIAL CON COLOSTOM페 O ILEOSTOM페 Y F펩TULA MUCOSA V페 LAPAROSC흃ICA
457201,CECECTOM페 V페 ABIERTA
457301,HEMICOLECTOM페 DERECHA V페 ABIERTA
457302,HEMICOLECTOM페 DERECHA V페 LAPAROSC흃ICA
457401,RESECCI흁 DE COLON TRANSVERSO V페 ABIERTA
457402,RESECCI흁 DE COLON TRANSVERSO V페 LAPAROSC흃ICA
457501,HEMICOLECTOMIA IZQUIERDA V페 ABIERTA
457502,HEMICOLECTOMIA IZQUIERDA V페 LAPAROSC흃ICA
457601,SIGMOIDECTOMIA V페 ABIERTA
457602,SIGMOIDECTOMIA V페 LAPAROSC흃ICA
458101,COLECTOM페 TOTAL CON ILEOSTOM페 Y PROCTECTOM페 V페 ABIERTA
458102,COLECTOM페 TOTAL CON ILEOSTOM페 Y PROCTECTOM페 V페 LAPAROSC흃ICA
458301,COLECTOM페 TOTAL V페 ABIERTA
458302,COLECTOM페 TOTAL V페 LAPAROSC흃ICA
458401,COLECTOM페 TOTAL CON ILEOSTOM페 Y CIERRE DE SEGMENTO DISTAL [HARTMAN] V페 ABIERTA
458402,COLECTOM페 TOTAL CON ILEOSTOM페 Y CIERRE DE SEGMENTO DISTAL [HARTMAN] V페 LAPAROSC흃ICA
460103,EXTERIORIZACI흁 DE INTESTINO DELGADO V페 ABIERTA
463200,YEYUNOSTOM페 PERCUT쳁EA (ENDOSC흃ICA) SOD
467001,ENTERORRAFIA V페 ABIERTA
467002,ENTERORRAFIA V페 LAPAROSC흃ICA
467901,RESECCI흁 INTESTINAL Y DE QUISTE POR PERITONITIS MECONIAL
467902,RESECCI흁 DE DUPLICCION INTESTINAL
467903,ANASTOMOSIS ILEO-C휿ICA LATEROLATERAL POR AGANGLIOSIS
468011,REDUCCI흁 INTESTINAL SIN RESECCI흁 INTESTINAL V페 ABIERTA
468012,REDUCCI흁 INTESTINAL CON RESECCI흁 INTESTINAL V페 ABIERTA
468015,REDUCCI흁 INTESTINAL SIN RESECCI흁 INTESTINAL V페 LAPAROSC흃ICA
468016,REDUCCI흁 INTESTINAL CON RESECCI흁 INTESTINAL V페 LAPAROSC흃ICA
469401,REINTERVENCI흁 DE ANASTOMOSIS INTESTINAL V페 ABIERTA
469402,REINTERVENCI흁 DE ANASTOMOSIS INTESTINAL V페 LAPAROSC흃ICA
480100,"PROCTOTOM페, V페 ABDOMINAL O PERINEAL SOD"
482101,PROCTOSIGMOIDOSCOPIA TRANSABDOMINAL
483101,ABLACI흁 DE LESI흁 O TEJIDO RECTAL O ANAL
485001,PROCTECTOM페 ABORDAJE PERINEAL (TRANS-ANAL) V페 ABIERTA
485002,PROCTECTOM페 ABORDAJE PERINEAL (TRANS-ANAL) V페 LAPAROSC흃ICA
485003,PROCTECTOM페 V페 TRANS-SACRA
485004,PROCTOSIGMOIDECTOM페 ABORDAJE PERINEAL
485401,PROCTECTOM페 CON DESCENSO ABDOMINO-PERINEAL V페 ABIERTA
485402,PROCTECTOM페 CON DESCENSO ABDOMINO-PERINEAL V페 LAPAROSC흃ICA
486201,RESECCI흁 ANTERIOR DE RECTO V페 ABIERTA
486202,RESECCI흁 ANTERIOR DE RECTO V페 LAPAROSC흃ICA
486500,RESECCI흁 DE MU홥N RECTAL POST-DUHAMEL SOD
486701,RESECCI흁 DE LESI흁 O TUMOR RECTAL ABORDAJE TRANS-ANAL V페 ABIERTA
486702,RESECCI흁 DE LESI흁 O TUMOR RECTAL ABORDAJE TRANS-ANAL V페 LAPAROSC흃ICA
486801,RESECCI흁 DE RECTO CON RECONSTRUCCI흁 TIPO PULL-THROUGH
487301,FISTULECTOM페 RECTO-VAGINAL CON COLOSTOM페
487602,CORRECCI흁 DE PROLAPSO POR RESECCI흁 DE PROCIDENCIA RECTAL CON ANASTOMOSIS V페 PERINEAL
487607,PROCTOSIGMOIDOPEXIA V페 ABIERTA
487701,DESCENSO RECTAL V페 SAGITAL POSTERIOR
487905,REPARACI흁 DE LA ESTENOSIS RECTAL CON RESECCI흁 DE ANILLO RECTAL
488101,DRENAJE DE COLECCI흁 RECTAL
488201,ESCISI흁 DE LESI흁 O TEJIDO PERIRRECTAL (RETRORECTAL) V페 PERINEAL O TRANSACRA
489400,DILATACI흁 INSTRUMENTAL ENDOSC흃ICA DE RECTO SOD
490401,ESCISI흁 DE LESI흁 O TEJIDO PERIANAL V페 ABIERTA
492101,ANOSCOPIA CON MAPEO
494004,RESECCI흁 DE HEMORROIDES INTERNAS
494005,RESECCI흁 DE HEMORROIDES EXTERNAS
495001,ESFINTEROTOM페 ANAL V페 ABIERTA
499400,REDUCCI흁 DE PROLAPSO ANAL SOD
500101,EXTRACCI흁 DE CUERPO EXTRA헲 INTRAHEP쳆ICO V페 ABIERTA
502001,RESECCI흁 DEL DOMO DE QUISTE HEP쳆ICO V페 ABIERTA
502002,RESECCI흁 DEL DOMO DE QUISTE HEP쳆ICO V페 LAPAROSC흃ICA
502205,HEPATECTOMIA PARCIAL SEGMENTARIA DE DONANTE
502206,RESECCI흁 EN CU헤 DE H펞ADO V페 ABIERTA
502207,RESECCI흁 EN CU헤 DE H펞ADO V페 LAPAROSC흃ICA
502208,HEPATECTOM페 DE UN SEGMENTO V페 ABIERTA
502209,HEPATECTOM페 DE UN SEGMENTO V페 LAPAROSC흃ICA
502210,HEPATECTOM페 DE DOS SEGMENTOS V페 ABIERTA
502211,HEPATECTOM페 DE DOS SEGMENTOS V페 LAPAROSC흃ICA
502212,HEPATECTOM페 TRISEGMENTARIA V페 ABIERTA
502213,HEPATECTOM페 TRISEGMENTARIA V페 LAPAROSC흃ICA
502214,HEMIHEPATECTOM페 V페 ABIERTA
502215,HEMIHEPATECTOM페 V페 LAPAROSC흃ICA
502403,ABLACI흁 DE LESI흁 HEP쳆ICA V페 ABIERTA
504001,HEPATECTOM페 TOTAL (OBTENCI흁 DE ORGANO) SIN CIRUG페 DE BANCO V페 ABIERTA
504101,HEPATECTOM페 TOTAL (OBTENCI흁 DE ORGANO) CON CIRUG페 DE BANCO CON REDUCCI흁 ANAT흀ICA 
504102,HEPATECTOM페 TOTAL (OBTENCI흁 DE ORGANO) CON CIRUG페 DE BANCO CON DIVISI흁 ANAT흀ICA 
504103,HEPATECTOM페 TOTAL (OBTENCI흁 DE ORGANO) CON CIRUG페 DE BANCO V페 ABIERTA
505403,TRASPLANTE ORTOT흃ICO DE H펞ADO CON CIRUG페 DE BANCO V페 ABIERTA
510001,COLECISTOSTOM페 V페 ABIERTA
510002,COLECISTOSTOM페 V페 PERCUT쳁EA
510003,COLECISTOSTOM페 V페 LAPAROSC흃ICA
510101,HEPATICOTOM페 O HEPATICOSTOM페 CON DRENAJE O EXTRACCI흁 DE C첿CULOS V페 ABIERTA
510301,DRENAJE BILIAR V페 PERCUT쳁EA Y COLOCACI흁 DE DISPOSITIVO
512101,COLECISTECTOM페 V페 ABIERTA
512104,COLECISTECTOM페 V페 LAPAROSC흃ICA
512503,RESECCI흁 DE QUISTE DEL COL텏OCO CON DERIVACI흁 BILIODIGESTIVA V페 ABIERTA
512504,RESECCI흁 DE QUISTE DEL COL텏OCO CON DERIVACI흁 BILIODIGESTIVA V페 LAPAROSC흃ICA
512505,RESECCI흁 DE QUISTES DEL COL텏OCO CON DERIVACI흁 BILIODIGESTIVA Y V첿VULA ANTIRREFLUJO V페 ABIERTA
512506,RESECCI흁 DE QUISTES DEL COL텏OCO CON DERIVACI흁 BILIODIGESTIVA Y V첿VULA ANTIRREFLUJO POR LAPAROSCOPIA
512601,RESECCI흁 DE LESI흁 BENIGNA O MALIGNA DE V페S BILIARES V페 ABIERTA
512602,RESECCI흁 DE LESI흁 BENIGNA O MALIGNA DE V페S BILIARES V페 LAPAROSC흃ICA
513701,HEPATICOYEYUNOSTOM페 V페 ABIERTA
513702,HEPATICOYEYUNOSTOM페 V페 LAPAROSC흃ICA
514402,INSERCI흁 DE DISPOSITIVO COLEDOCOHEP쳆ICO PARA DESCOMPRESI흁 V페 LAPAROSC흃ICA
517301,RECONSTRUCCI흁 DE V페S BILIARES V페 ABIERTA
518500,ESFINTERECTOM페 Y PAPILOTOM페 ENDOSC흃ICA SOD
518600,INSERCI흁 ENDOSC흃ICA DE TUBO DE DRENAJE NASOBILIAR SOD
518801,EXTRACCI흁 ENDOSC흃ICA DE C첿CULOS DE LAS V페S BILIARES CON ESFINTEROTOMIA
518901,INSERCI흁 DE DISPOSITIVO EN V페 BILIAR V페 ABIERTA
518902,INSERCI흁 DE DISPOSITIVO EN V페 BILIAR V페 ENDOSC흃ICA
518904,INSERCI흁 DE DISPOSITIVO EN V페 BILIAR V페 LAPAROSC흃ICA
519700,INSERCI흁 DE CAT텞ER BILIAR SOD
520101,DRENAJE DE COLECCI흁 DE P쳁CREAS V페 ABIERTA
522201,RESECCI흁 DE LESI흁 O TEJIDO DE P쳁CREAS V페 ABIERTA
522202,RESECCI흁 DE LESI흁 O TEJIDO DE P쳁CREAS V페 ENDOSC흃ICA
522203,RESECCI흁 DE LESI흁 O TEJIDO DE P쳁CREAS V페 LAPAROSC흃ICA
525001,PANCREATECTOM페 CENTRAL V페 ABIERTA
525101,PANCREATECTOM페 PROXIMAL V페 ABIERTA
525203,PANCREATECTOM페 DISTAL V페 ABIERTA
525204,PANCREATECTOM페 DISTAL V페 LAPAROSC흃ICA
525205,PANCREATECTOM페 DISTAL CON PRESERVACI흁 DE BAZO V페 ABIERTA
525206,PANCREATECTOM페 DISTAL CON PRESERVACI흁 DE BAZO V페 LAPAROSC흃ICA
525301,PANCREATECTOM페 SUBTOTAL V페 ABIERTA
525302,PANCREATECTOM페 SUBTOTAL V페 LAPAROSC흃ICA
526101,PANCREATECTOM페 TOTAL V페 ABIERTA
526102,PANCREATECTOM페 TOTAL V페 LAPAROSC흃ICA
527101,PANCREATICODUODENECTOM페 TOTAL V페 ABIERTA
527102,PANCREATICODUODENECTOM페 TOTAL V페 LAPAROSC흃ICA
527201,PANCREATICODUODENECTOM페 PROXIMAL V페 ABIERTA
527202,PANCREATICODUODENECTOM페 PROXIMAL V페 LAPAROSC흃ICA
529300,"INSERCI흁 ENDOSC흃ICA DE TUBO TUTOR (PR흆ESIS, STENT) EN EL CONDUCTO PANCRE쳆ICO SOD"
529606,ANASTOMOSIS PANCREATOENTRICA V페 ABIERTA
529608,PANCREATOYEYUNOSTOM페 TRMINO LATERAL V페 ABIERTA
531002,HERNIORRAFIA INGUINAL BILATERAL V페 LAPAROSC흃ICA
534001,HERNIORRAFIA UMBILICAL V페 ABIERTA
535001,REPARACI흁 DE HERNIA INCISIONAL (EVENTRACI흁) ENCARCELADA V페 ABIERTA
535101,REPARACI흁 DE HERNIA INCISIONAL (EVENTRACI흁) V페 ABIERTA
535204,HERNIORRAFIA EPIG쳅TRICA V페 ABIERTA
536102,HERNIORRAFIA OBTURADORA V페 LAPAROSC흃ICA
536602,HERNIORRAFIA OBTURADORA ENCARCELADA V페 LAPAROSC흃ICA
540102,LIBERACI흁 DE PLASTR흁 EN ABDOMEN V페 LAPAROSC흃ICA
541101,LAPAROTOM페 DE PRECISI흁 (ESTADIFICACI흁)
541504,RESECCI흁 DE TUMOR RETROPERITONEAL V페 ABIERTA
541505,RESECCI흁 DE TUMOR RETROPERITONEAL V페 LAPAROSC흃ICA
541506,RESECCI흁 DE TUMOR RETROPERITONEAL CON DISECCI흁 DE ESTRUCTURAS VASCULARES U RGANOS RETROPERITONEALES V페 ABIERTA
541507,RESECCI흁 DE TUMOR RETROPERITONEAL CON DISECCI흁 DE ESTRUCTURAS VASCULARES U RGANOS RETROPERITONEALES V페 LAPAROSC흃ICA
541702,LAVADO PERITONEAL TERAP텟TICO V페 LAPAROSC흃ICA
541901,CITORREDUCCI흁 V페 ABIERTA
542802,PARACENTESIS ABDOMINAL TERAP텟TICA V페 PERCUT쳁EA
542803,PARACENTESIS ABDOMINAL TERAP텟TICA V페 LAPAROSC흃ICA
543201,RESECCI흁 DE TUMOR MALIGNO EN LA PARED ABDOMINAL V페 ABIERTA
543202,RESECCI흁 DE TUMOR MALIGNO EN LA PARED ABDOMINAL V페 LAPAROSC흃ICA
543302,ESCISI흁 DE LESI흁 AMPLIA EN LA PARED ABDOMINAL CON PR흆ESIS
543303,RESECCI흁 DE LESI흁 AMPLIA EN LA PARED ABDOMINAL 
544104,OMENTECTOM페 PARCIAL V페 ABIERTA
544105,OMENTECTOM페 PARCIAL V페 LAPAROSC흃ICA
544106,OMENTECTOM페 TOTAL V페 ABIERTA
544107,OMENTECTOM페 TOTAL V페 LAPAROSC흃ICA
545001,LISIS DE ADHERENCIAS PERITONEALES V페 ABIERTA
545101,LISIS DE ADHERENCIAS PERITONEALES V페 LAPAROSC흃ICA
546100,NUEVO CIERRE DE DISRUPCION POSTOPERATORIA DE PARED ABDOMINAL (EVISCERACI흁) SOD
547401,EVENTRORRAFIA CON COLOCACI흁 DE MALLA
547403,EVENTRORRAFIA V페 ABIERTA
547503,PLASTIA DE PARED ABDOMINAL V페 ABIERTA
547505,RECONSTRUCCI흁 DE PARED ABDOMINAL ANAT흀ICA Y FUNCIONAL V페 ABIERTA
547601,RESECCI흁 DE QUISTE VITELINO O SENO UMBILICAL V페 ABIERTA
549002,INSERCI흁 DE CAT텞ER PERMANENTE PARA HEMODI첿ISIS
550120,MARSUPIALIZACI흁 DE QUISTE RENAL POR LAPAROSCOPIA
553102,RESECCI흁 ENDOSC흃ICA DE LESI흁 PIELICA
554001,NEFRECTOM페 PARCIAL POR LAPAROTOM페
554002,NEFRECTOM페 PARCIAL POR LUMBOTOM페
554003,NEFRECTOM페 PARCIAL POR LAPAROSCOPIA
554103,HEMINEFRECTOM페 POR LAPAROTOM페
554111,HEMINEFRECTOM페 POR LAPAROSCOPIA
555101,NEFROURETERECTOM페 CON SEGMENTO DE VEJIGA V페 ABIERTA
555102,NEFROURETERECTOM페 TOTAL (UNILATERAL)
555103,NEFROURETERECTOM페 CON SEGMENTO VESICAL V페 LAPAROSC흃ICA
555201,NEFRECTOM페 DE RI홥N RESIDUAL O ＞ICO POR LUMBOTOM페
555202,NEFRECTOM페 DE RI홥N RESIDUAL O ＞ICO POR LAPAROTOM페
555203,NEFRECTOM페 DE RI홥N RESIDUAL O ＞ICO V페 LAPAROSC흃ICA
555601,NEFRECTOM페 (OBTENCI흁 DE RGANO)
555603,NEFRECTOM페 DE DONANTE VIVO POR LUMBOTOM페
555604,NEFRECTOM페 DE DONANTE VIVO POR LAPAROTOM페
555605,NEFRECTOM페 DE DONANTE VIVO V페 LAPAROSC흃ICA
555606,RESECCI흁 DE RI홥N UNILATERAL TOTAL [NEFRECTOM페 SIMPLE] POR LUMBOTOM페
555607,RESECCI흁 DE RI홥N UNILATERAL TOTAL [NEFRECTOM페 SIMPLE] POR LAPAROTOM페
555608,RESECCI흁 DE RI홥N UNILATERAL TOTAL [NEFRECTOM페 SIMPLE] V페 LAPAROSC흃ICA
555702,NEFRECTOM페 RADICAL POR LUMBOTOM페
555703,NEFRECTOM페 RADICAL POR LAPAROTOM페
555721,NEFRECTOMIA RADICAL POR LAPAROSCOPIA
558605,ANASTOMOSIS URETERO CALICIAL O NEFROCALICOSTOM페 V페 ABIERTA
558801,LIBERACION DE ADHERENCIAS PI텗ICAS O URETEROPI텗ICAS POR V페 ABIERTA
564111,URETERECTOM페 PARCIAL POR LAPAROSCOPIA
565101,URETEROILEOSTOM페 CUT쳁EA [CIRUG페 DE BRICKER]
565410,URETERONEOCECOCISTOPLASTIA
567405,REANASTOMOSIS URETERO-VESICAL V페 ABIERTA
567406,REANASTOMOSIS URETERO-VESICAL V페 LAPAROSC흃ICA
568701,URETEROPLASTIA O ANASTOMOSIS TERMINO-TERMINAL V페 ABIERTA
568903,RESECCI흁 DE URETEROCELE Y REIMPLANTE DE UR텞ER IPSILATERAL V페 ABIERTA
568904,RESECCI흁 DE URETEROCELE Y REIMPLANTE DE UR텞ER IPSILATERAL V페 LAPAROSC흃ICA
568905,RESECCI흁 ENDOSC흃ICA DE URETEROCELE
571102,CISTOTOM페 V페 ABIERTA
571210,CISTOSTOM페 V페 ABIERTA
571220,CISTOSTOM페 V페 PERCUT쳁EA
574201,RESECCI흁 DE LESI흁 VESICAL V페 ENDOSC흃ICA
574202,FULGURACI흁 ENDOSC흃ICA DE LESI흁 VESICAL
574203,ABLACI흁 DE LESI흁 VESICAL V페 ENDOSC흃ICA
575103,RESECCI흁 DE SENO URACAL DE VEJIGA (URACOVESICAL) V페 ABIERTA
575104,RESECCI흁 DE SENO URACAL DE VEJIGA (URACOVESICAL) V페 LAPAROSC흃ICA
575105,RESECCI흁 DE F펩TULA URACAL V페 ABIERTA
575106,RESECCI흁 DE F펩TULA URACAL V페 LAPAROSC흃ICA
575107,RESECCI흁 DE URACO V페 ABIERTA
575108,RESECCI흁 DE URACO V페 LAPAROSC흃ICA
575202,"RESECCI흁 O FULGURACI흁 SUPRAP２ICA DE LESI흁 VESICAL, V페 ABIERTA"
575205,RESECCI흁 O FULGURACI흁 SUPRAP２ICA DE LESI흁 VESICAL V페 LAPAROSC흃ICA
575206,RESECCI흁 DE DIVERT펚ULO VESICAL V페 LAPAROSC흃ICA
576001,"CISTECTOM페 PARCIAL, V페 ABIERTA"
576011,CISTECTOM페 PARCIAL POR LAPAROSCOPIA
576060,RESECCI흁 DE CUELLO VESICAL TRANSVESICAL
576061,RESECCI흁 TRANSURETRAL (ENDOSC흃ICA) DE CUELLO VESICAL
577301,EXTIRPACI흁 TOTAL DE VEJIGA URINARIA [CISTECTOM페] V페 ABIERTA
577302,EXTIRPACI흁 TOTAL DE VEJIGA URINARIA [CISTECTOM페] V페 LAPAROSC흃ICA
577303,CISTECTOM페 TOTAL CON URETRECTOM페 V페 ABIERTA
577304,CISTECTOM페 TOTAL CON URETRECTOM페 V페 LAPAROSC흃ICA
577305,EXENTERACI흁 P텗VICA MASCULINA (CON RECTO) V페 ABIERTA
577306,EXENTERACI흁 P텗VICA MASCULINA (CON RECTO) V페 LAPAROSC흃ICA
577307,"ESCISI흁 O REMOCI흁 DE VEJIGA, PR흅TATA, VES펚ULAS SEMINALES Y TEJIDO GRASO [CISTOPROSTATECTOM페] V페 ABIERTA"
577308,"ESCISI흁 O REMOCI흁 DE VEJIGA, PR흅TATA, VES펚ULAS SEMINALES Y TEJIDO GRASO [CISTOPROSTATECTOM페] V페 LAPAROSC흃ICA"
578101,SUTURA DE LACERACI흁 O DESGARRO VESICAL [CISTORRAFIA] V페 ABIERTA
578402,FISTULECTOM페 V텝ICO-VAGINAL
578901,CISTOPEXIA (SUSPENSI흁 VESICAL)
579101,ESFINTEROTOM페 VESICAL CERRADA ENDOSC흃ICA
580010,RESECCI흁 O ESCISI흁 DE TABIQUE URETRAL
581010,MEATOTOM페 URETRAL EXTERNA
583101,FULGURACI흁 ENDOSC흃ICA DE LESIONES URETRALES
583103,RESECCI흁 O ABLACI흁 ENDOSC흃ICA DE LESI흁 O TEJIDO URETRAL
583203,RESECCI흁 O ABLACI흁 ABIERTA DE LESI흁 O TEJIDO URETRAL
583230,"URETRECTOM페 SIMPLE, V페 ABIERTA"
583240,"URETRECTOM페 RADICAL, V페 ABIERTA"
584101,URETRORRAFIA FEMENINA
584303,RESECCI흁 DE F펩TULA URETROCUT쳁EA
584402,REVISI흁 DE ANASTOMOSIS DE URETRA
584700,MEATOPLASTIA URETRAL SOD
586102,DILATACI흁 DE URETRA POR URETROTOM페 INTERNA
590200,URETEROLISIS CON LIBERACI흁 O REPOSICIONAMIENTO DE UR텞ER SOD
590311,URETEROLISIS O PIELOURETEROLISIS POR LAPAROSCOPIA
592202,CISTOLITOTOM페 O EXTRACCI흁 DE CUERPO EXTRA헲 EN VEJIGA V페 PERCUT쳁EA
592204,CISTOLITOTOM페 O EXTRACCI흁 DE CUERPO EXTRA헲 EN VEJIGA V페 ENDOSC흃ICA
595103,URETROCISTOPEXIA POR LAPAROSCOPIA
597920,URETROPLASTIA DE AMPLIACI흁
599101,RESECCI흁 DE TEJIDO PERIRRENAL O PERIVESICAL
599110,ESCISI흁 DE TUMOR RETROPERITONEAL CON DISECCI흁 DE GRANDES VASOS
600201,PROSTATOLITOTOM페 V페 ABIERTA
602001,RESECCCI흁 O ENUCLEACI흁 TRANSURETRAL DE ADENOMA DE PR흅TATA [RTUP] O ADENOMECTOM페
602002,ADENOMECTOM페 O PROSTATECTOM페  TRANSVESICAL
602003,ADENOMECTOM페 O PROSTATECTOM페 RETROP２ICA O TRANSVESICOCAPSULAR
602004,ADENOMECTOM페 O PROSTATECTOM페 POR LAPAROSCOPIA
602005,ADENOMECTOM페 POR ABLACI흁 DE PR흅TATA
602201,RESECCI흁 DE CONDUCTOS EYACULADORES V페 ENDOSC흃ICA
605101,RESECCI흁 DE PR흅TATA [PROSTATECTOM페] RADICAL [PROSTATOVESICULECTOM페]
605111,PROSTATECTOM페 RADICAL POR LAPAROSCOPIA
605112,PROSTATECTOM페 RADICAL POR ABLACI흁
607201,RESECCI흁 DE VES펚ULA SEMINAL [VESICULOTOM페]
612100,REPARACI흁 O ESCISI흁 DE HIDROCELE [HIDROCELECTOM페] DE T＞ICA VAGINALIS SOD
613101,RESECCI흁 DE QUISTE SEB첶EO EN ESCROTO
613103,RESECCI흁 O ABLACI흁 DE LESI흁 EN ESCROTO
613401,RESECCI흁 PARCIAL DEL ESCROTO
613402,RESECCI흁 TOTAL DEL ESCROTO
620100,DRENAJE POR INCISI흁 EN TEST펚ULO SOD
622100,RESECCI흁 DE LESI흁 TESTICULAR SOD
623001,ORQUIECTOM페 CON EPIDIDIDECTOM페 (RADICAL)
623002,RESECCI흁 DE TEST펚ULO [ORQUIECTOM페]
623011,ORQUIECTOM페 DE UN TEST펚ULO INTRAABDOMINAL UNILATERAL POR LAPAROSCOPIA
623012,ORQUIECTOM페 DE UN TEST펚ULO INTRAABDOMINAL BILATERAL POR LAPAROSCOPIA
625101,ORQUIDOPEXIA CON DESTORSI흁 DE TEST펚ULO O DE CORD흁 ESPERM쳆ICO
625203,ORQUIDOPEXIA UNILATERAL V페 ABIERTA
625205,ORQUIDOPEXIA BILATERAL V페 ABIERTA
625206,ORQUIDOPEXIA BILATERAL V페 LAPAROSC흃ICA
626100,ORQUIDORRAFIA O SUTURA DE TEST펚ULO SOD
627100,IMPLANTE DE PR흆ESIS TESTICULAR SOD
631011,VARICOCELECTOMIA CON PRESERVAC펦N DE ARTERIA
631301,HIDROCELECTOM페 DE CORD흁 ESPERM쳆ICO V페 INGUINAL
632100,ESPERMATOCELECTOM페 O RESECCI흁 QUISTE DEL EPID펛IMO SOD
633200,RESECCI흁 DE HEMATOCELE DE CORD흁 ESPERM쳆ICO SOD
642100,FULGURACI흁 O RESECCI흁 DE LESI흁 EN PENE SOD
643100,AMPUTACI흁 PARCIAL DEL PENE O PENECTOM페 PARCIAL SOD
643200,AMPUTACI흁 TOTAL DEL PENE O PENECTOM페 TOTAL SOD
649100,CORTE DORSAL O LATERAL EN PREPUCIO SOD
649300,SECCI흁 O CORTE DE ADHERENCIAS PENEANAS SOD
649701,INSERCI흁 DE PR흆ESIS DE PENE INFLABLE
649702,REVISI흁 O SUSTITUCI흁 DE PR흆ESIS DE PENE INFLABLE
649806,RESECCI흁 DE VENAS DEL PENE
652101,CISTECTOM페 DE OVARIO POR LAPAROTOM페
652102,CISTECTOM페 DE OVARIO POR LAPAROSCOPIA
652103,CISTECTOM페 DE OVARIO V페 VAGINAL
652201,RESECCI흁 PARCIAL DE OVARIO POR LAPAROTOM페
652202,RESECCI흁 PARCIAL DE OVARIO POR LAPAROSCOPIA
652203,RESECCI흁 PARCIAL DE OVARIO V페 VAGINAL
652301,RESECCI흁 DE TUMOR DE OVARIO POR LAPAROTOM페
652302,RESECCI흁 DE TUMOR DE OVARIO POR LAPAROSCOPIA
652303,RESECCI흁 DE TUMOR DE OVARIO V페 VAGINAL
652304,CITORREDUCCI흁 DE TUMOR DE OVARIO POR LAPAROTOM페
652801,RESECCI흁 DE QUISTE PARAOVRICO POR LAPAROTOM페
652802,RESECCI흁 DE QUISTE PARAOVRICO POR LAPAROSCOPIA
652804,RESECCI흁 DE QUISTE PARAOVRICO V페 VAGINAL
652901,"LIBERACI흁 O LISIS DE ADHERENCIAS (LEVES, MODERADAS O SEVERAS) DE OVARIO POR LAPAROTOM페"
652902,"LIBERACI흁 O LISIS DE ADHERENCIAS (LEVES, MODERADAS O SEVERAS) DE OVARIO POR LAPAROSCOPIA"
653101,OOFORECTOM페 UNILATERAL POR LAPAROTOM페
653102,OOFORECTOM페 UNILATERAL POR LAPAROSCOPIA
653104,OOFORECTOM페 UNILATERAL V페 VAGINAL
655101,OOFORECTOM페 BILATERAL POR LAPAROTOM페
655102,OOFORECTOM페 BILATERAL POR LAPAROSCOPIA
664001,SALPINGECTOM페 UNILATERAL TOTAL POR LAPAROTOM페
665001,SALPINGECTOM페 BILATERAL TOTAL POR LAPAROTOM페
665002,SALPINGECTOM페 BILATERAL TOTAL POR LAPAROSCOPIA
666101,RESECCI흁 DE LESI흁 EN TROMPA DE FALOPIO POR LAPAROTOM페
666102,RESECCI흁 DE LESI흁 EN TROMPA DE FALOPIO POR LAPAROSCOPIA
666210,RESECCI흁 DE LESI흁 EN MESOSALPINX POR LAPAROTOM페
666220,RESECCI흁 DE LESI흁 EN MESOSALPINX POR LAPAROSCOPIA
667301,SALPINGO-SALPINGOSTOM페 POR LAPAROTOM페
667302,SALPINGO-SALPINGOSTOM페 POR LAPAROSCOPIA
667401,SALPINGOHISTEROTOM페 (SALPINGO-UTEROSTOM페) POR LAPAROTOM페
667402,SALPINGOHISTEROTOM페 (SALPINGO-UTEROSTOM페) POR LAPAROSCOPIA
669101,SALPINGO-OOFORECTOM페 UNILATERAL POR LAPAROTOM페
669102,SALPINGO-OOFORECTOM페 UNILATERAL POR LAPAROSCOPIA
669103,SALPINGO-OOFORECTOM페 UNILATERAL POR V페 VAGINAL
669201,SALPINGO-OOFORECTOM페 BILATERAL POR LAPAROTOM페
669202,SALPINGO-OOFORECTOM페 BILATERAL POR LAPAROSCOPIA
669203,SALPINGO-OOFORECTOM페 BILATERAL POR V페 VAGINAL
669410,SALPINGO-OOFOROPLASTIA [OPERACI흁 DE ESTES]
672001,CONIZACI흁 CERVICAL
673101,ESCISI흁 DE P휿IPO EN CUELLO UTERINO [CRVIX]
673102,RESECCI흁 DE LESI흁 CUELLO UTERINO
674002,AMPUTACI흁 DE CUELLO O TRAQUELECTOM페 POR LAPAROTOM페
674003,AMPUTACI흁 DE CUELLO O TRAQUELECTOM페 POR LAPAROSCOPIA
674004,AMPUTACI흁 DE CUELLO O TRAQUELECTOM페 POR V페 VAGINAL
674501,TRAQUELECTOM페 RADICAL POR LAPAROTOM페
682101,LIBERACI흁 DE ADHERENCIAS INTRALUMINALES DEL ＤERO
682302,RESECCI흁 DE P휿IPO ENDOMETRIAL POR HISTEROSCOPIA
682510,ABLACI흁 ENDOMETRIAL O ENDOMETRECTOM페 POR HISTEROSCOPIA
683101,HISTERECTOM페 SUBTOTAL O SUPRACERVICAL POR LAPAROTOM페
683111,"HISTERECTOMIA SUBTOTAL O SUPRACERVICAL, POR LAPAROSCOPIA"
684001,HISTERECTOM페 TOTAL ABDOMINAL CON REMOCI흁 DE MOLA O FETO MUERTO POR LAPAROTOM페
684003,HISTERECTOM페 TOTAL POR LAPAROTOM페
684020,HISTERECTOM페 TOTAL POR LAPAROSCOPIA
684103,HISTERECTOM페 TOTAL ABDOMINAL AMPLIADA POR LAPAROTOM페
684104,HISTERECTOM페 TOTAL ABDOMINAL AMPLIADA POR LAPAROSCOPIA
685102,HISTERECTOM페 POR V페 VAGINAL
686001,HISTERECTOM페 RADICAL POR LAPAROTOM페
686011,HISTERECTOMIA RADICAL POR LAPAROSCOPIA
686102,HISTERECTOM페 RADICAL MODIFICADA POR LAPAROTOM페
686110,HISTERECTOMIA RADICAL MODIFICADA POR LAPAROSCOPIA
687001,HISTERECTOM페 RADICAL POR V페 VAGINAL 
688101,EXENTERACI흁 O EVISCERACI흁 P텗VICA FEMENINA TOTAL O COMPLETA
690103,LEGRADO UTERINO GINECOL휺ICO
691110,RESECCI흁 DE TUMOR DE LIGAMENTO ANCHO POR LAPAROTOM페
691202,ESCISI흁 Y ABLACI흁 DE ENDOMETROSIS ESTADOS III Y IV POR LAPAROSCOPIA
691205,RESECCI흁 DE LESI흁 DE LIGAMENTO ANCHO POR LAPAROSCOPIA
691901,DRENAJE DE COLECCI흁 DE LIGAMENTO ANCHO POR LAPAROTOM페
691902,DRENAJE DE COLECCI흁 DE LIGAMENTO ANCHO POR LAPAROSCOPIA
691910,CITORREDUCCI흁 DE TUMOR DE LIGAMENTO ANCHO O DE LIGAMENTO ＤERO SACRO
703301,RESECCI흁 DEL TABIQUE VAGINAL
703302,RESECCI흁 O ABLACI흁 DE LESI흁 O TEJIDO VAGINAL
703340,RESECCI흁 DE TUMOR MALIGNO DE VAGINA
704001,VAGINECTOM페 O COLPECTOM페 TOTAL
704002,VAGINECTOM페 O COLPECTOM페 PARCIAL
704201,VAGINECTOM페 RADICAL POR LAPAROTOM페
704202,VAGINECTOM페 RADICAL POR LAPAROSCOPIA
704203,VAGINECTOM페 RADICAL V페 VAGINAL
706102,VAGINOPLASTIA V페 PERINEAL
710921,INCISI흁 Y DRENAJE DE COLECCI흁 DE VULVA O DE GL쳁DULA DE SKENE
712401,RESECCI흁 O ABLACI흁 DE GL쳁DULA DE BARTHOLIN
713101,RESECCI흁 O ABLACI흁 DE GL쳁DULA DE SKENE
713401,RESECCI흁 DE ENDOMETRIOMA EN PERIN
713501,RESECCI흁 DE GRANULOMA VULVO-PERINEAL
713502,RESECCI흁 DE LESI흁 VULVO-PERINEAL
714001,RESECCI흁 TOTAL DE CL펪ORIS
714002,RESECCI흁 PARCIAL DE CL펪ORIS
715001,VULVECTOM페 SUPERFICIAL UNILATERAL
715002,VULVECTOM페 SUPERFICIAL BILATERAL
715003,VULVECTOM페 SIMPLE UNILATERAL
715004,VULVECTOM페 SIMPLE BILATERAL
715005,VULVECTOM페 TOTAL UNILATERAL
715006,VULVECTOM페 TOTAL BILATERAL
715007,VULVECTOM페 RADICAL
753712,RESECCI흁 DE LESI흁 O TUMOR CERVICAL EN FETO POR LAPAROTOM페
753716,RESECCI흁 DE LESI흁 O TUMOR TOR첶ICO EN FETO POR LAPAROTOM페
753728,RESECCI흁 O ABLACI흁 DE VALVAS URETRALES POSTERIORES POR CISTOSCOPIA FETAL
753731,RESECCI흁 DE LESI흁 O TUMOR ABDOMINAL O P텗VICO EN FETO POR LAPAROTOM페
762201,RESECCI흁 DE TUMOR MALIGNO MAXILAR O MANDIBULAR
762202,RESECCI흁 RADICAL DE TUMOR MALIGNO MAXILAR O MANDIBULAR
763101,"MANDIBULECTOM페 PARCIAL SIMPLE, MARGINAL"
763103,HEMIMANDIBULECTOM페 SIN DESARTICULACI흁
763901,RESECCI흁 PARCIAL MAXILAR SIN RECONSTRUCCI흁
763903,HEMIMAXILECTOM페
764101,MANDIBULECTOM페 TOTAL CON RECONSTRUCCI흁 흅EA
764401,RESECCI흁 PARCIAL MAXILAR CON RECONSTRUCCI흁 SIMULT쳁EA
764402,RESECCI흁 TOTAL DE MAXILAR CON RECONSTRUCCI흁 SIMULT쳁EA
765201,MENISECTOM페 TEMPOROMANDIBULAR CON INJERTO
766301,OSTEOTOM페 DE CUERPO MANDIBULAR V페 TRANS MUCOSA CON FIJACI흁 INTERNA
767901,REDUCCI흁 ABIERTA DE BORDE O PARED ORBITAL
768701,RETIRO DE MATERIAL DE FIJACI흁 INTERNA DE HUESO FACIAL
770901,"SECUESTRECTOM페, DRENAJE, DESBRIDAMIENTO DE ARTEJO O DE FALANGE DE PIE (CADA UNO)"
770931,"DRENAJE, CURETAJE, SECUESTRECTOM페 DE COLUMNA VERTEBRAL V페 POSTERIOR O POSTEROLATERAL"
770932,DRENAJE EN COLUMNA VERTEBRAL V페 PERCUT쳁EA
776001,RESECCI흁 DE EXOSTOSIS EN HUESO NO ESPECIFICADO (UNA O M쳅)
776105,ESCISI흁 TUMOR MALIGNO DE ESC쳃ULA
776110,RESECCI흁 TUMOR MALIGNO DE TRAX (REJA COSTAL Y ESTERN흁)
776203,ESCISI흁 TUMOR MALIGNO EN H＝ERO
776204,RESECCI흁 DE LESI흁 흅EA EN H＝ERO
776302,ESCISI흁 TUMOR MALIGNO EN RADIO O C２ITO
776503,ESCISI흁 TUMOR MALIGNO EN F텘UR
776702,ESCISI흁 TUMOR MALIGNO EN TIBIA O PERON
776801,RESECCI흁 DE LESI흁 MALIGNA 흅EA EN TARSIANOS O METATARSIANOS
776803,RESECCI흁 DEL ESPOL흁 CALC쳁EO
776804,RESECCI흁 DE OSTEOFITOS TIBIALES O TALARES POR ENDOSCOPIA
776805,RESECCI흁 DE EXOSTOSIS NO ARTICULAR DE PIE POR ENDOSCOPIA
776902,ESCISI흁 DE TUMOR MALIGNO EN FALANGES DE PIE O DE MANO
776921,ESCISI흁 DE TUMOR MALIGNO EN HUESOS PELVIANOS
776929,ESCISI흁 DE TUMOR (BENIGNO O MALIGNO) EN COLUMNA VERTEBRAL V페 ANTERIOR O LATERAL CERVICOTOR첶ICA
776930,ESCISI흁 DE TUMOR (BENIGNO O MALIGNO) EN COLUMNA VERTEBRAL V페 ANTERIOR O LATERAL TORACOABDOMINAL
776931,ESCISI흁 DE TUMOR (BENIGNO O MALIGNO) EN COLUMNA VERTEBRAL V페 POSTERIOR O POSTEROLATERAL
776934,RESECCI흁 DE TUMOR O LESI흁 DEL CUERPO O DISCO VERTEBRAL NIVEL C1 C2 V페 TRANSORAL ABIERTA
776935,RESECCI흁 DE TUMOR O LESI흁 DEL CUERPO O DISCO VERTEBRAL NIVEL C1 C2 V페 TRANSORAL O TRANSNASAL ENDOSC흃ICA
776936,RESECCI흁 DE TUMOR O LESI흁 DEL CUERPO O DISCO VERTEBRAL NIVEL C1 C2 V페 ANTERIOR O LATERAL TRANSCERVICAL
776937,RESECCI흁 DE TUMOR O LESI흁 DEL CUERPO O DISCO VERTEBRAL SUBAXIAL V페 ANTERIOR O LATERAL HASTA DOS VRTEBRAS
776938,RESECCI흁 DE TUMOR O LESI흁 DEL CUERPO O DISCO VERTEBRAL SUBAXIAL V페 ANTERIOR O LATERAL M쳅 DE DOS VRTEBRAS
776939,RESECCI흁 DE TUMOR O LESI흁 DEL CUERPO O DISCO VERTEBRAL DE LA UNI흁 CERVICOTOR첶ICA V페 ANTERIOR O LATERAL
776940,RESECCI흁 DE TUMOR O LESI흁 DEL CUERPO O DISCO VERTEBRAL TOR첶ICO HASTA DOS VRTEBRAS ANTERIOR O LATERAL V페 ABIERTA 
776941,RESECCI흁 DE TUMOR O LESI흁 DEL CUERPO O DISCO VERTEBRAL TOR첶ICO HASTA DOS VRTEBRAS ANTERIOR O LATERAL V페 PERCUT쳁EA
776942,RESECCI흁 DE TUMOR O LESI흁 DEL CUERPO O DISCO VERTEBRAL TOR첶ICO HASTA DOS VRTEBRAS ANTERIOR O LATERAL V페 ENDOSC흃ICA
776943,RESECCI흁 DE TUMOR O LESI흁 DEL CUERPO O DISCO VERTEBRAL TOR첶ICO M쳅 DE DOS VRTEBRAS ANTERIOR O LATERAL V페 ABIERTA 
776944,RESECCI흁 DE TUMOR O LESI흁 DEL CUERPO O DISCO VERTEBRAL TOR첶ICO M쳅 DE DOS VRTEBRAS ANTERIOR O LATERAL V페 PERCUT쳁EA
776945,RESECCI흁 DE TUMOR O LESI흁 DEL CUERPO O DISCO VERTEBRAL TOR첶ICO M쳅 DE DOS VRTEBRAS ANTERIOR O LATERAL V페 ENDOSC흃ICA
776946,RESECCI흁 DE TUMOR O LESI흁 DEL CUERPO O DISCO VERTEBRAL DE LA UNI흁 CERVICOTOR첶ICA POSTERIOR V페 ABIERTA
776947,RESECCI흁 DE TUMOR O LESI흁 DEL CUERPO O DISCO VERTEBRAL DE LA UNI흁 CERVICOTOR첶ICA POSTERIOR V페 PERCUT쳁EA
776948,RESECCI흁 DE TUMOR O LESI흁 DEL CUERPO O DISCO VERTEBRAL DE LA UNI흁 CERVICOTOR첶ICA POSTERIOR V페 ENDOSC흃ICA
776949,RESECCI흁 DE TUMOR O LESI흁 DEL CUERPO O DISCO VERTEBRAL TOR첶ICO HASTA DOS VRTEBRAS V페 POSTERIOR ABIERTA
776950,RESECCI흁 DE TUMOR O LESI흁 DEL CUERPO O DISCO VERTEBRAL TOR첶ICO HASTA DOS VRTEBRAS V페 POSTERIOR  PERCUT쳁EA
776951,RESECCI흁 DE TUMOR O LESI흁 DEL CUERPO O DISCO VERTEBRAL TOR첶ICO HASTA DOS VRTEBRAS V페 POSTERIOR ENDOSC흃ICA
776952,RESECCI흁 DE TUMOR O LESI흁 DEL CUERPO O DISCO VERTEBRAL TOR첶ICO M쳅 DE DOS VRTEBRAS V페 POSTERIOR ABIERTA
776953,RESECCI흁 DE TUMOR O LESI흁 DEL CUERPO O DISCO VERTEBRAL TOR첶ICO M쳅 DE DOS VRTEBRAS V페 POSTERIOR  PERCUT쳁EA
776954,RESECCI흁 DE TUMOR O LESI흁 DEL CUERPO O DISCO VERTEBRAL TOR첶ICO M쳅 DE DOS VRTEBRAS V페 POSTERIOR ENDOSC흃ICA
776955,RESECCI흁 DE TUMOR O LESI흁 DEL CUERPO O DISCO VERTEBRAL LUMBAR HASTA DOS VRTEBRAS ANTERIOR O LATERAL V페 ABIERTA 
776956,RESECCI흁 DE TUMOR O LESI흁 DEL CUERPO O DISCO VERTEBRAL LUMBAR HASTA DOS VRTEBRAS ANTERIOR O LATERAL V페 PERCUT쳁EA
776957,RESECCI흁 DE TUMOR O LESI흁 DEL CUERPO O DISCO VERTEBRAL LUMBAR HASTA DOS VRTEBRAS ANTERIOR O LATERAL V페 ENDOSC흃ICA
776958,RESECCI흁 DE TUMOR O LESI흁 DEL CUERPO O DISCO VERTEBRAL LUMBAR M쳅 DE DOS VRTEBRAS ANTERIOR O LATERAL V페 ABIERTA 
776959,RESECCI흁 DE TUMOR O LESI흁 DEL CUERPO O DISCO VERTEBRAL LUMBAR M쳅 DE DOS VRTEBRAS ANTERIOR O LATERAL V페 PERCUT쳁EA
776960,RESECCI흁 DE TUMOR O LESI흁 DEL CUERPO O DISCO VERTEBRAL LUMBAR M쳅 DE DOS VRTEBRAS ANTERIOR O LATERAL V페 ENDOSC흃ICA
776961,RESECCI흁 DE TUMOR O LESI흁 DEL CUERPO O DISCO VERTEBRAL LUMBAR HASTA DOS VRTEBRAS V페 POSTERIOR ABIERTA
776962,RESECCI흁 DE TUMOR O LESI흁 DEL CUERPO O DISCO VERTEBRAL LUMBAR HASTA DOS VRTEBRAS V페 POSTERIOR  PERCUT쳁EA
776963,RESECCI흁 DE TUMOR O LESI흁 DEL CUERPO O DISCO VERTEBRAL LUMBAR HASTA DOS VRTEBRAS V페 POSTERIOR ENDOSC흃ICA
776964,RESECCI흁 DE TUMOR O LESI흁 DEL CUERPO O DISCO VERTEBRAL LUMBAR M쳅 DE DOS VRTEBRAS V페 POSTERIOR ABIERTA
776965,RESECCI흁 DE TUMOR O LESI흁 DEL CUERPO O DISCO VERTEBRAL LUMBAR M쳅 DE DOS VRTEBRAS V페 POSTERIOR PERCUT쳁EA
776966,RESECCI흁 DE TUMOR O LESI흁 DEL CUERPO O DISCO VERTEBRAL LUMBAR M쳅 DE DOS VRTEBRAS V페 POSTERIOR ENDOSC흃ICA
776967,RESECCI흁 DE TUMOR O LESI흁 SACRO V페 ANTERIOR
776968,RESECCI흁 DE TUMOR O LESI흁 SACRO V페 POSTERIOR ABIERTA
776969,RESECCI흁 DE TUMOR O LESI흁 SACRO V페 POSTERIOR PERCUT쳁EA
776970,RESECCI흁 DE TUMOR O LESI흁 DEL ARCO POSTERIOR O MUSCULATURA ANEXA C1 C2 V페 POSTERIOR ABIERTA
776971,RESECCI흁 DE TUMOR O LESI흁 DEL ARCO POSTERIOR O MUSCULATURA ANEXA C1 C2 V페 POSTERIOR PERCUT쳁EA
776972,RESECCI흁 DE TUMOR O LESI흁 DEL ARCO POSTERIOR O MUSCULATURA ANEXA C1 C2 V페 POSTERIOR ENDOSC흃ICA
776973,RESECCI흁 DE TUMOR O LESI흁 DEL ARCO POSTERIOR O MUSCULATURA ANEXA SUBAXIAL HASTA DOS VRTEBRAS V페 POSTERIOR ABIERTA
776974,RESECCI흁 DE TUMOR O LESI흁 DEL ARCO POSTERIOR O MUSCULATURA ANEXA SUBAXIAL HASTA DOS VRTEBRAS V페 POSTERIOR PERCUT쳁EA
776975,RESECCI흁 DE TUMOR O LESI흁 DEL ARCO POSTERIOR O MUSCULATURA ANEXA SUBAXIAL HASTA DOS VRTEBRAS V페 POSTERIOR ENDOSC흃ICA
776976,RESECCI흁 DE TUMOR O LESI흁 DEL ARCO POSTERIOR O MUSCULATURA ANEXA SUBAXIAL M쳅 DE DOS VRTEBRAS V페 POSTERIOR ABIERTA
776977,RESECCI흁 DE TUMOR O LESI흁 DEL ARCO POSTERIOR O MUSCULATURA ANEXA SUBAXIAL M쳅 DE DOS VRTEBRAS V페 POSTERIOR PERCUT쳁EA
776978,RESECCI흁 DE TUMOR O LESI흁 DEL ARCO POSTERIOR O MUSCULATURA ANEXA SUBAXIAL M쳅 DE DOS VRTEBRAS V페 POSTERIOR ENDOSC흃ICA
776979,RESECCI흁 DE TUMOR O LESI흁 DEL ARCO POSTERIOR O MUSCULATURA ANEXA TOR첶ICO HASTA DOS VRTEBRAS V페 POSTERIOR ABIERTA
776980,RESECCI흁 DE TUMOR O LESI흁 DEL ARCO POSTERIOR O MUSCULATURA ANEXA TOR첶ICO HASTA DOS VRTEBRAS V페 POSTERIOR PERCUT쳁EA
776981,RESECCI흁 DE TUMOR O LESI흁 DEL ARCO POSTERIOR O MUSCULATURA ANEXA TOR첶ICO HASTA DOS VRTEBRAS V페 POSTERIOR ENDOSC흃ICA
776982,RESECCI흁 DE TUMOR O LESI흁 DEL ARCO POSTERIOR O MUSCULATURA ANEXA TOR첶ICO M쳅 DE DOS VRTEBRAS V페 POSTERIOR ABIERTA
776983,RESECCI흁 DE TUMOR O LESI흁 DEL ARCO POSTERIOR O MUSCULATURA ANEXA TOR첶ICO M쳅 DE DOS VRTEBRAS V페 POSTERIOR PERCUT쳁EA
776984,RESECCI흁 DE TUMOR O LESI흁 DEL ARCO POSTERIOR O MUSCULATURA ANEXA TOR첶ICO M쳅 DE DOS VRTEBRAS V페 POSTERIOR ENDOSC흃ICA
776985,RESECCI흁 DE TUMOR O LESI흁 DEL ARCO POSTERIOR O MUSCULATURA ANEXA LUMBAR HASTA DOS VRTEBRAS V페 POSTERIOR ABIERTA
776986,RESECCI흁 DE TUMOR O LESI흁 DEL ARCO POSTERIOR O MUSCULATURA ANEXA LUMBAR HASTA DOS VRTEBRAS V페 POSTERIOR PERCUT쳁EA
776987,RESECCI흁 DE TUMOR O LESI흁 DEL ARCO POSTERIOR O MUSCULATURA ANEXA LUMBAR HASTA DOS VRTEBRAS V페 POSTERIOR ENDOSC흃ICA
776988,RESECCI흁 DE TUMOR O LESI흁 DEL ARCO POSTERIOR O MUSCULATURA ANEXA LUMBAR M쳅 DE DOS VRTEBRAS V페 POSTERIOR ABIERTA
776989,RESECCI흁 DE TUMOR O LESI흁 DEL ARCO POSTERIOR O MUSCULATURA ANEXA LUMBAR M쳅 DE DOS VRTEBRAS V페 POSTERIOR PERCUT쳁EA
776990,RESECCI흁 DE TUMOR O LESI흁 DEL ARCO POSTERIOR O MUSCULATURA ANEXA LUMBAR M쳅 DE DOS VRTEBRAS V페 POSTERIOR ENDOSC흃ICA
776991,RESECCI흁 DE TUMOR O LESI흁 DEL ARCO POSTERIOR O MUSCULATURA ANEXA SACRA V페 ABIERTA
776992,RESECCI흁 DE TUMOR O LESI흁 DEL ARCO POSTERIOR O MUSCULATURA ANEXA SACRA V페 PERCUT쳁EA
778101,RESECCI흁 PARCIAL DE ESC쳃ULA
778102,RESECCI흁 PARCIAL DE CLAV펚ULA
778103,"RESECCI흁 PARCIAL DE CLAV펚ULA, V페 ENDOSC흃ICA"
778104,RESECCI흁 PARCIAL DE COSTILLAS
778105,RESECCI흁 PARCIAL DE ESTERN흁
778201,RESECCI흁 DE EPIC흁DILO O EPITR휶LEA HUMERAL
778203,RESECCI흁 DE CABEZA HUMERAL
778301,RESECCI흁 PARCIAL DE DI첹ISIS EN C２ITO (HEMIDIAFISECTOM페)
778302,RESECCI흁 DE EP펝ISIS DE C２ITO
778303,RESECCI흁 PARCIAL DE DI첹ISIS EN RADIO
778304,RESECCI흁 DE C＠ULA DE RADIO
778305,RESECCI흁 DE OL텎RANON
778306,RESECCI흁 DE CABEZA DE RADIO
778307,RESECCI흁 DE EP펝ISIS DE HUESO EN MIEMBRO SUPERIOR V페 ARTROSC흃ICA
778403,RESECCI흁 PARCIAL DE HUESO DE CARPO V페 ABIERTA
778404,RESECCI흁 PARCIAL DE HUESO DE CARPO V페 ARTROSC흃ICA
778405,RESECCI흁 PARCIAL DE HUESO DE METACARPO V페 ABIERTA
778406,RESECCI흁 PARCIAL DE HUESO DE METACARPO V페 ARTROSC흃ICA
778600,RESECCI흁 PARCIAL DE R흆ULA O HEMIPATELECTOM페 SOD
778701,RESECCI흁 PARCIAL DE LA TIBIA (HEMIDIAFISECTOM페)
778702,RESECCI흁 PARCIAL DE PERON (HEMIDIAFISECTOM페)
778800,RESECCI흁 PARCIAL DE TARSIANOS O METATARSIANOS (UNO O M쳅) SOD
778902,RESECCI흁 CABEZA DE FALANGE DE MANO (UNA O M쳅)
778912,RESECCI흁 CABEZA DE FALANGE DE PIE (UNA O M쳅)
778921,RESECCI흁 PARCIAL DE HUESOS PELVIANOS
778922,HEMIHEMIPELVECTOM페
778923,HEMIPELVECTOM페
778931,RESECCI흁 DE AP휹ISIS ODONTOIDES POR ABORDAJE TRANSORAL
778932,RESECCI흁 DE AP휹ISIS ODONTOIDES POR ABORDAJE TRANSLATERAL
778933,"RESECCI흁 DE AP휹ISIS ODONTOIDES, POR CRANEOTOM페 SUBOCCIPITAL"
779101,RESECCI흁 TOTAL DE ESC쳃ULA
779102,RESECCI흁 TOTAL DE CLAV펚ULA
779105,RESECCI흁 TOTAL DE ESTERN흁
779131,RESECCI흁 TOTAL DE COSTILLA O COSTOCONDRECTOM페 (UNA O M쳅)
779134,RESECCI흁 DE COSTILLA CERVICAL O SUPERNUMERARIA
779201,RESECCI흁 DE H＝ERO (PROXIMAL O DISTAL)
779202,RESECCI흁 RADICAL DE H＝ERO SIN INJERTO
779203,RESECCI흁 TOTAL O RADICAL DE H＝ERO CON INJERTO
779301,RESECCI흁 TOTAL O RADICAL DE C２ITO O RADIO
779404,RESECCI흁 TOTAL DE HUESO DE METACARPO V페 ABIERTA
779500,RESECCI흁 TOTAL DE F텘UR SOD
779600,RESECCI흁 TOTAL DE R흆ULA O PATELECTOM페 SOD
779701,RESECCI흁 TOTAL DE LA TIBIA O PERON
779801,RESECCI흁 TOTAL RADICAL DEL TARSO O METATARSO
779901,RESECCI흁 TOTAL DE FALANGES DE MANO (UNA O M쳅)
779902,RESECCI흁 TOTAL DE FALANGES DE PIE (UNA O M쳅)
779941,RESECCI흁 TOTAL DE C휶CIX [COCCIGECTOM페]
780501,INJERTO 흅EO EN F텘UR
780701,INJERTO 흅EO EN TIBIA O PERON
780921,APLICACI흁 DE ALOINJERTO ESTRUCTURAL EN PELVIS
782104,ACORTAMIENTO DE H＝ERO MEDIANTE RESECCI흁 (OSTEOTOM페)
782241,ACORTAMIENTO DE C２ITO O RADIO MEDIANTE RESECCI흁 (OSTEOTOM페)
782243,ACORTAMIENTO DE RADIO Y C２ITO MEDIANTE RESECCI흁 (OSTEOTOM페)
782341,RESECCI흁 (OSTEOTOM페) DE CARPIANOS O METACARPIANOS PARA ACORTAMIENTO
782404,ACORTAMIENTO DE F텘UR MEDIANTE RESECCI흁 (OSTEOTOM페)
782541,ACORTAMIENTO DE TIBIA O PERON MEDIANTE RESECCI흁 (OSTEOTOM페)
782543,ACORTAMIENTO DE TIBIA Y PERON MEDIANTE RESECCI흁 (OSTEOTOM페)
782641,ACORTAMIENTO DE TARSIANOS O METATARSIANOS MEDIANTE RESECCI흁 (OSTEOTOM페) (UNA O M쳅)
782741,ACORTAMIENTO DE FALANGES DE MANO MEDIANTE RESECCI흁 (OSTEOTOM페) (UNA O M쳅)
782781,ACORTAMIENTO DE FALANGES DE PIE MEDIANTE RESECCI흁 (OSTEOTOM페) (UNA O M쳅)
785500,FIJACI흁 INTERNA SIN REDUCCI흁 DE FRACTURA DE F텘UR SOD
786101,"EXTRACCI흁 DE DISPOSITIVO IMPLANTADO EN ESC쳃ULA, CLAV펚ULA O TRAX (COSTILLAS Y ESTERN흁)"
786501,EXTRACCI흁 DE DISPOSITIVO IMPLANTADO EN F텘UR
786801,EXTRACCI흁 DE DISPOSITIVO IMPLANTADO EN TARSIANOS O METATARSIANOS (CADA UNO)
790932,REDUCCI흁 CERRADA DE FRACTURA COLUMNA VERTEBRAL (DORSAL O LUMBAR) E INMOVILIZACI흁
793210,REDUCCI흁 ABIERTA DE FRACTURA EN DI첹ISIS DE H＝ERO CON FIJACI흁 INTERNA (DISPOSITIVOS DE FIJACI흁 U OSTEOS펥TESIS)
793501,"REDUCCI흁 ABIERTA DE FRACTURA EN F텘UR (CUELLO, INTERTROCANTRICA, SUPRACOND펣EA) CON FIJACI흁 INTERNA (DISPOSITIVOS DE FIJACI흁 U OSTEOS펥TESIS)"
793502,REDUCCI흁 ABIERTA DE FRACTURA EN DI첹ISIS DE F텘UR CON FIJACI흁 INTERNA (DISPOSITIVOS DE FIJACI흁 U OSTEOS펥TESIS)
793952,"REDUCCI흁 ABIERTA DE FRACTURA DE COLUMNA VERTEBRAL (TOR첶ICA, LUMBAR O SACRA) V페 POSTERIOR O POSTEROLATERAL"
794102,REDUCCI흁 CERRADA DE EP펝ISIS SEPARADA EN H＝ERO CON FIJACI흁
795502,REDUCCI흁 ABIERTA CON FIJACI흁 INTERNA DE EP펝ISIS SEPARADA DE F텘UR
804304,RESECCI흁 DE LESI흁 EN MU헨CA POR ARTROSCOPIA
804503,RESECCI흁 O PLICATURA DE LIGAMENTO REDONDO V페 ABIERTA
804504,RESECCI흁 O PLICATURA DE LIGAMENTO REDONDO V페 ARTROSC흃ICA
807001,RESECCI흁 COMPLETA O PARCIAL DE MEMBRANA SINOVIAL
807501,"SINOVECTOM페 PARCIAL DE CADERA, V페 ABIERTA"
808101,RESECCI흁 DE LESI흁 O TEJIDO DE HOMBRO V페 ABIERTA
808102,RESECCI흁 DE LESI흁 O TEJIDO DE HOMBRO V페 ARTROSC흃ICA
808201,RESECCI흁 DE HIGROMA DE CODO
808601,RESECCI흁 DE HIGROMA DE RODILLA V페 ABIERTA
808604,RESECCI흁 DE PLICAS DE RODILLA POR ARTROSCOPIA
808703,RESECCI흁 DE LESI흁 OSTEOCONDRAL EN TOBILLO SIN INJERTO V페 ABIERTA
808704,RESECCI흁 DE LESI흁 OSTEOCONDRAL EN TOBILLO SIN INJERTO V페 ARTROSC흃ICA 
808705,RESECCI흁 DE LESI흁 OSTEOCONDRAL EN TOBILLO CON INJERTO V페 ABIERTA
808706,RESECCI흁 DE LESI흁 OSTEOCONDRAL EN TOBILLO CON INJERTO V페 ARTROSC흃ICA 
814101,ARTROPLASTIA POR INTERPOSICI흁 O RESECCI흁 DE CADERA
814905,"RESECCI흁 DE LESI흁 OSTEOCONDRAL, PERFORACIONES O CURETAJE DE TOBILLO POR ARTROSCOPIA"
814906,RESECCI흁 DE LESI흁 OSTEOCONDRAL CON FIJACI흁 EN TOBILLO POR ARTROSCOPIA
817201,ARTROPLASTIA POR INTERPOSICI흁 O RESECCI흁 MU헨CA
817202,ARTROPLASTIA RESECCI흁 TRAPECIO-METACARPIANA
818306,ARTROPLASTIA POR INTERPOSICI흁 O RESECCI흁 HOMBRO
818601,ARTROPLASTIA POR INTERPOSICI흁 O RESECCI흁 DEL CODO
822101,RESECCI흁 DE GANGLI흁 EN DEDOS DE MANO
822104,RESECCI흁 DE GANGLI흁 DORSAL DE MU헨CA VIA ABIERTA
822105,RESECCI흁 DE GANGLI흁 DORSAL DE MU헨CA VIA ARTROSC흃ICA
822106,RESECCI흁 DE GANGLI흁 PALMAR DE MU헨CA VIA ABIERTA
822107,RESECCI흁 DE GANGLI흁 PALMAR DE MU헨CA VIA ARTROSC흃ICA
831905,ESCALENOTOM페 O SECCI흁 DE ESCALENO ANTERIOR SIN RESECCI흁 DE COSTILLA CERVICAL
833002,"RESECCI흁 DE TUMOR MALIGNO DE FASCIA, MＣCULO, TEND흁 O SINOVIAL"
833202,ESCISI흁 O RESECCI흁 DE: HUESO HETEROT흃ICO O CALCIFICACIONES HETEROT흃ICAS EN MUSCULO
834201,ESCISI흁 DE APONEUROSIS O VAINA DE TEND흁
834203,"DESBRIDAMIENTO DE MＣCULO, TEND흁 Y FASCIA EXCEPTO MANO"
834300,ESCISI흁 DE MＣCULO O FASCIA PARA INJERTO SOD
834601,"RESECCI흁 DE VAINA TENDINOSA, FASCIA, MＣCULO O TEND흁; EXCEPTO MANO Y PIE V페 ABIERTA"
834602,"RESECCI흁 DE VAINA TENDINOSA, FASCIA, MＣCULO O TEND흁; EXCEPTO MANO Y PIE V페 ENDOSC흃ICA"
834930,"LIMPIEZA Y DESBRIDAMIENTO QUIRＢGICOS DE MＣCULOS, TENDONES Y FASCIA EN MUSLO"
839600,INYECCI흁  O INFILTRACI흁 DE SUSTANCIA TERAP텟TICA DENTRO DE BURSA SOD
840100,AMPUTACI흁 Y DESARTICULACI흁 DE DEDOS DE LA MANO (UNO O M쳅) SOD
840200,AMPUTACI흁 Y DESARTICULACI흁 DE PULGAR SOD
841001,AMPUTACI흁 CON COLGAJO CERRADO DE MIEMBRO INFERIOR SITIO NO ESPECIFICADO
841003,AMPUTACI흁 ABIERTA O DE GUILLOTINA DE MIEMBRO INFERIOR SITIO NO ESPECIFICADO
841101,AMPUTACI흁 O DESARTICULACI흁 DE DEDO DE PIE (CADA UNO)
841203,AMPUTACI흁 O DESARTICULACI흁 DE ANTEPIE
841500,AMPUTACI흁 O DESARTICULACI흁 DE PIERNA SOD
841700,AMPUTACI흁 POR ENCIMA DE RODILLA SOD
843900,REMODELACI흁 [RECONSTRUCCI흁] (REVISI흁) DEL MU홥N DE AMPUTACI흁 DE CADERA SOD
849501,"CIRUG페 RECONSTRUCTIVA M＜TIPLE: OSTEOTOM페S O FIJACI흁 INTERNA (DISPOSITIVOS DE FIJACI흁 U OSTEOS펥TESIS) EN F텘UR, TIBIA Y PERON; TRANSFERENCIAS MUSCULOTENDINOSAS; TENOTOM페S O ALARGAMIENTOS TENDINOSOS EN MUSLO, PIERNA Y PIE TRIPLE ARTRODESIS EN PIE"
850100,DRENAJE EN MAMA DE COLECCI흁 POR MASTOTOM페 O MAMOTOM페 SOD
852100,RESECCI흁 LOCAL DE LESI흁 DE MAMA SOD
852201,RESECCI흁 DE CUADRANTE DE MAMA
852202,RESECCI흁 DE CUADRANTE DE MAMA CON CONDUCTOS TERMINALES
852300,MASTECTOM페 SUBTOTAL SOD
853001,PEXIA MAMARIA [MAMOPEXIA] UNILATERAL
853002,PEXIA MAMARIA [MAMOPEXIA] BILATERAL
853103,MAMOPLASTIA DE REDUCCI흁 UNILATERAL
853104,MAMOPLASTIA DE REDUCCI흁 BILATERAL
853401,MAMOPLASTIA ONCOL휺ICA UNILATERAL
853402,MAMOPLASTIA ONCOL휺ICA BILATERAL
854001,MASTECTOM페 SUBCUT쳁EA CON RECONSTRUCCI흁 SIMULT쳁EA
854002,EXTIRPACI흁 DE TEJIDO MAMARIO [MASTECTOM페] SUBCUT쳁EA
854101,MASTECTOM페 SIMPLE UNILATERAL
854102,MASTECTOM페 SIMPLE UNILATERAL POR GL쳁DULA SUPERNUMERARIA
854103,MASTECTOM페 SIMPLE UNILATERAL CON PRESERVACI흁 DE PIEL O COMPLEJO AREOLA PEZ흁
854201,MASTECTOM페 SIMPLE BILATERAL
854202,MASTECTOM페 SIMPLE BILATERAL POR GL쳁DULA SUPERNUMERARIA
854203,MASTECTOM페 SIMPLE BILATERAL CON PRESERVACI흁 DE PIEL O COMPLEJO AREOLA PEZ흁
854301,MASTECTOM페 SIMPLE CON ESCISI흁 DE GANGLIOS LINF쳆ICOS  REGIONALES
854401,MASTECTOM페 SIMPLE AMPLIADA BILATERAL V페 ABIERTA
854501,"ESCISI흁 DE MAMA, MＣCULOS PECTORALES Y GANGLIO LINF쳆ICO REGIONALES"
854502,MASTECTOM페 RADICAL MODIFICADA UNILATERAL
854601,MASTECTOM페 RADICAL BILATERAL V페 ABIERTA
854701,"ESCISI흁 DE MAMA, MＣCULOS, GANGLIOS LINF쳆ICOS  (AXILARES, CLAVICULARES, SUPRACLAVICULARES, MAMARIOS INTERNOS Y MEDIAST펥ICOS)"
854801,MASTECTOM페 RADICAL AMPLIADA BILATERAL V페 ABIERTA
857101,RECONSTRUCCI흁 DE MAMA UNILATERAL CON DISPOSITIVO
857102,RECONSTRUCCI흁 DE MAMA BILATERAL CON DISPOSITIVO
857201,RECONSTRUCCI흁 DE MAMA UNILATERAL CON COLGAJO
857202,RECONSTRUCCI흁 DE MAMA BILATERAL CON COLGAJO
857203,RECONSTRUCCI흁 DE MAMA UNILATERAL CON TEJIDO AUT휿OGO
858101,SUTURA DE HERIDA DE MAMA
858200,INJERTO DE GROSOR PARCIAL EN LA PIEL DE LA MAMA SOD
858401,COLGAJO LOCAL EN LA MAMA
858402,COLGAJO LOCAL CUT쳁EO EN LA MAMA
858403,COLGAJO LOCAL MUSCULOCUT쳁EO EN LA MAMA
858701,RECONSTRUCCI흁 DEL COMPLEJO AREOLA PEZ흁
859401,EXTRACCI흁 DE DISPOSITIVO DE MAMA UNILATERAL
859402,EXTRACCI흁 DE DISPOSITIVO DE MAMA BILATERAL
860102,"BIOPSIA INCISIONAL O ESCISIONAL DE PIEL, TEJIDO CELULAR SUBCUT쳁EO O MUCOSA (CON SUTURA)"
861001,RESECCI흁 QUIRＢGICA DE MATERIALES EX휺ENOS POR ALOGENOSIS EN BLOQUE
861002,RESECCI흁 QUIRＢGICA DE MATERIALES EX휺ENOS POR ALOGENOSIS CIRCUNFERENCIAL
861101,DRENAJE DE COLECCI흁 SUPERFICIAL DE PIEL O TEJIDO CELULAR SUBCUT쳁EO POR INCISI흁 O ASPIRACI흁
861102,DRENAJE DE COLECCI흁 PROFUNDA EN PIEL O TEJIDO CELULAR SUBCUT쳁EO POR INCISI흁 O ASPIRACI흁
862103,RESECCI흁 QUISTE PILONIDAL (CIERRE PARCIAL O ESCISI흁 ABIERTA)
862104,RESECCI흁 QUISTE PILONIDAL CON RECONSTRUCCI흁 CON COLGAJO
862311,"ESCISI흁 DE ＜CERA (SACRA, ISQUI쳆ICA, TROCANTRICA Y OTRAS LOCALIZACIONES) CON OSTECTOM페, RESECCI흁 DE BURSA POR ＜CERA Y CIERRE CON COLGAJO COMPUESTO"
863101,"RESECCI흁 DE LESIONES CUT쳁EAS POR CAUTERIZACI흁, FULGURACI흁 O CRIOTERAPIA EN REA GENERAL, HASTA SEIS LESIONES"
863102,"RESECCI흁 DE LESIONES CUT쳁EAS POR CAUTERIZACI흁, FULGURACI흁 O CRIOTERAPIA EN REA GENERAL, M쳅 DE SEIS LESIONES"
863103,"RESECCI흁 DE LESIONES CUT쳁EAS POR CAUTERIZACI흁, FULGURACI흁 O CRIOTERAPIA EN REA ESPECIAL, HASTA TRES LESIONES"
863104,"RESECCI흁 DE LESIONES CUT쳁EAS POR CAUTERIZACI흁, FULGURACI흁 O CRIOTERAPIA EN REA ESPECIAL, ENTRE TRES A DIEZ LESIONES"
863105,"RESECCI흁 DE LESIONES CUT쳁EAS POR CAUTERIZACI흁, FULGURACI흁 O CRIOTERAPIA EN REA ESPECIAL, M쳅 DE DIEZ LESIONES"
863601,APERTURA O RESECCI흁 DE QUISTES O PＣTULAS (CIRUG페 PARA ACN)
863690,ESCISI흁 O ABLACI흁 LOCAL DE LESI흁 CUT쳁EA
863800,ABLACI흁 DE LESIONES CUT쳁EAS (TATUAJE) POR HAZ DE L쳅ER SOD
864101,RESECCI흁 DE TUMOR BENIGNO O MALIGNO DE PIEL O TEJIDO CELULAR SUBCUT쳁EO REA GENERAL HASTA TRES CENT펤ETROS
864102,"RESECCI흁 DE TUMOR BENIGNO O MALIGNO DE PIEL O TEJIDO CELULAR SUBCUT쳁EO REA GENERAL, ENTRE TRES A CINCO CENT펤ETROS"
864103,"RESECCI흁 DE TUMOR BENIGNO O MALIGNO DE PIEL O TEJIDO CELULAR SUBCUT쳁EO REA GENERAL, ENTRE CINCO A DIEZ CENT펤ETROS"
864104,"RESECCI흁 DE TUMOR BENIGNO O MALIGNO DE PIEL O TEJIDO CELULAR SUBCUT쳁EO REA GENERAL, DE M쳅 DE DIEZ CENT펤ETROS"
864105,"RESECCI흁 DE TUMOR BENIGNO DE PIEL O TEJIDO CELULAR SUBCUT쳁EO REA GENERAL, CON REPARACI흁 (COLGAJO O INJERTO)"
864106,"RESECCI흁 DE TUMOR MALIGNO DE PIEL O TEJIDO CELULAR SUBCUT쳁EO REA GENERAL, CON REPARACI흁 (COLGAJO O INJERTO)"
864201,"RESECCI흁 DE TUMOR BENIGNO O MALIGNO DE PIEL O TEJIDO CELULAR SUBCUT쳁EO DE REA ESPECIAL, HASTA UN CENT펤ETRO"
864202,"RESECCI흁 DE TUMOR BENIGNO O MALIGNO DE PIEL O TEJIDO CELULAR SUBCUT쳁EO DE REA ESPECIAL, ENTRE UNO A DOS CENT펤ETROS"
864203,"RESECCI흁 DE TUMOR BENIGNO O MALIGNO DE PIEL O TEJIDO CELULAR SUBCUT쳁EO DE REA ESPECIAL, ENTRE DOS A TRES CENT펤ETROS"
864204,"RESECCI흁 DE TUMOR BENIGNO O MALIGNO DE PIEL O TEJIDO CELULAR SUBCUT쳁EO DE REA ESPECIAL, ENTRE TRES A CINCO CENT펤ETROS"
864205,"RESECCI흁 DE TUMOR BENIGNO O MALIGNO DE PIEL O TEJIDO CELULAR SUBCUT쳁EO DE REA ESPECIAL, DE M쳅 DE CINCO CENT펤ETROS"
864301,CIRUG페 MICROGRAFICA [DE MOHS] POR CORTE
866101,INJERTO DE PIEL PARCIAL EN REA GENERAL MENOR DEL DIEZ 10% DE SUPERFICIE CORPORAL TOTAL
866102,INJERTO DE PIEL PARCIAL EN REA GENERAL DEL DIEZ 10% AL 19% DE SUPERFICIE CORPORAL TOTAL
866104,INJERTO DE PIEL PARCIAL EN REA GENERAL MAYOR DEL TREINTA 30% DE SUPERFICIE CORPORAL TOTAL
866105,INJERTO DE PIEL TOTAL EN REA ESPECIAL EN CARA O CUELLO 
866106,"INJERTO DE PIEL TOTAL EN REA ESPECIAL EN PLIEGUES DE FLEXI흁 (AXILA, ANTECUBITAL, HUECOS POPL펪EOS, INGUINAL) "
866108,INJERTO DE PIEL TOTAL EN REA ESPECIAL EN TOBILLO O PIES 
866201,INJERTO DE PIEL TOTAL EN REA GENERAL MENOR DEL DIEZ 10% DE SUPERFICIE CORPORAL TOTAL
866204,INJERTO DE PIEL TOTAL EN REA GENERAL DEL 30% O M쳅 DE SUPERFICIE CORPORAL TOTAL
866300,INJERTO CONDROCUT쳁EO SOD
866401,INJERTO DE CUERO CABELLUDO (ALOPECIA SECUELA POST-TRAUMA)
866701,INJERTO GRASO
866702,INJERTO DERMOGRASO
867001,COLGAJO LOCAL SIMPLE DE PIEL HASTA DE DOS CENT펤ETROS CUADRADOS
867002,COLGAJO LOCAL SIMPLE DE PIEL ENTRE DOS A CINCO CENT펤ETROS CUADRADOS
867003,COLGAJO LOCAL SIMPLE DE PIEL DE CINCO A DIEZ CENT펤ETROS CUADRADOS
867004,COLGAJO LOCAL SIMPLE DE PIEL DE M쳅 DE DIEZ CENT펤ETROS CUADRADOS
867101,COLGAJO ＞ICO DE CUERO CABELLUDO
867102,COLGAJO M＜TIPLE DE CUERO CABELLUDO
867103,"COLGAJO CUT쳁EO A DISTANCIA, EN VARIOS TIEMPOS"
867104,"COLGAJO COMPUESTO A DISTANCIA, EN VARIOS TIEMPOS"
867105,COLGAJO LIBRE CUT쳁EO CON T텎NICA MICROVASCULAR
867106,COLGAJO LIBRE COMPUESTO CON T텎NICA MICROVASCULAR
867107,COLGAJO NEUROVASCULAR (EN ISLA)
867201,COLGAJO LOCAL DE PIEL COMPUESTO DE VECINDAD HASTA DE DOS CENT펤ETROS CUADRADOS
867202,COLGAJO LOCAL DE PIEL COMPUESTO DE VECINDAD ENTRE DOS A CINCO CENT펤ETROS CUADRADOS
867203,COLGAJO LOCAL DE PIEL COMPUESTO DE VECINDAD ENTRE CINCO A DIEZ CENT펤ETROS CUADRADOS
868101,RESECCI흁 SIMPLE DE CICATRIZ EN REA GENERAL
868102,RESECCI흁 SIMPLE DE CICATRIZ EN REA ESPECIAL
868103,"RESECCI흁 DE CICATRIZ HIPERTR휹ICA O QUELOIDE, EN REA GENERAL"
868104,"RESECCI흁 DE CICATRIZ HIPERTR휹ICA O QUELOIDE, EN REA ESPECIAL"
868204,"RITIDECTOM페 TOTAL (FRENTE, PRPADOS, MEJILLA Y CUELLO)"
868302,RESECCI흁 DE BOLSAS ADIPOSAS DE BICHAT EN CARA
868401,"PLASTIA EN Z O W EN REA GENERAL, ENTRE UNA A DOS"
868501,"PLASTIA EN Z O W EN REA ESPECIAL (CARA, CUELLO, MANOS, PIES, PLIEGUES DE FLEXI흁,  GENITALES), ENTRE UNO A DOS"
868503,"PLASTIA EN Z O W EN REA ESPECIAL (CARA, CUELLO, MANOS, PIES, PLIEGUES DE FLEXI흁,  GENITALES), M쳅 DE CINCO"
869101,RESECCI흁 DE GL쳁DULAS SUDOR펧ARAS AXILARES SIMPLE CON RESECCI흁 GANGLIONAR
869102,RESECCI흁 DE GL쳁DULAS SUDOR펧ARAS AXILARES CON RESECCI흁 TOTAL DEL REA
869103,RESECCI흁 PARCIAL DE GL쳁DULAS SUDOR펧ARAS
869104,RESECCI흁 TOTAL DE GL쳁DULAS SUDOR펧ARAS
869204,TRANSPOSICI흁 DE GANGLIOS LINF쳆ICOS CON ANASTOMOSIS
471102,APENDICECTOM페 V페 ABIERTA
471110,APENDICECTOM페 V페 LAPAROSC흃ICA
998501,MONITOREO Y CONTROL DE HIPERTERMIA INDUCIDA (TERAPIA COMPLEMENTARIA)
429501,INSERCI흁 DE OTRO DISPOSITIVO ESOFAGOG쳅TRICO
428100,INSERCI흁 DE TUBO O PR흆ESIS (STENT) PERMANENTE EN ES휹AGO SOD
429301,INSERCI흁 DE DISPOSITIVO EN ES휹AGO V페 ENDOSC흃ICA
449301,INSERCI흁 DE DISPOSITIVO INTRAG쳅TRICO RESTRICTIVO POR ENDOSCOPIA
449302,INSERCI흁 DE DISPOSITIVO PERIG쳅TRICO RESTRICTIVO (FIJO O AJUSTABLE) V페 ABIERTA
451303,INSERCI흁 ENDOSC흃ICA DE DISPOSTIVO DUODENAL
998301,FOTOTERAPIA CONTINUA
998303,FOTOTERAPIA INTERMITENTE
998304,FOTOQUIMIOTERAPIA
998305,FOTOFRESIS
863101,"RESECCI흁 DE LESIONES CUT쳁EAS POR CAUTERIZACI흁, FULGURACI흁 O CRIOTERAPIA EN REA GENERAL, HASTA SEIS LESIONES"
863102,"RESECCI흁 DE LESIONES CUT쳁EAS POR CAUTERIZACI흁, FULGURACI흁 O CRIOTERAPIA EN REA GENERAL, M쳅 DE SEIS LESIONES"
863103,"RESECCI흁 DE LESIONES CUT쳁EAS POR CAUTERIZACI흁, FULGURACI흁 O CRIOTERAPIA EN REA ESPECIAL, HASTA TRES LESIONES"
863104,"RESECCI흁 DE LESIONES CUT쳁EAS POR CAUTERIZACI흁, FULGURACI흁 O CRIOTERAPIA EN REA ESPECIAL, ENTRE TRES A DIEZ LESIONES"
863105,"RESECCI흁 DE LESIONES CUT쳁EAS POR CAUTERIZACI흁, FULGURACI흁 O CRIOTERAPIA EN REA ESPECIAL, M쳅 DE DIEZ LESIONES"
863501,"ESCISI흁 DE LESIONES CUT쳁EAS POR RADIOFRECUENCIA, HASTA CINCO LESIONES"
863502,"ESCISI흁 DE LESIONES CUT쳁EAS POR RADIOFRECUENCIA, ENTRE CINCO A DIEZ LESIONES"
863503,"ESCISI흁 DE LESIONES CUT쳁EAS POR RADIOFRECUENCIA, M쳅 DE DIEZ LESIONES"
840600,DESARTICULACI흁 DE CODO SOD
764301,RECONSTRUCCION MANDIBULAR (TOTAL O PARCIAL)
502406,ENUCLEACI흁 DE LESI흁 HEP쳆ICA V페 LAPAROSC흃ICA
017201,"RESECCI흁 DE TUMOR SUPRATENTORIAL HEMISFRICO, POR CRANEOTOM페"
017202,"RESECCI흁 DE TUMOR SUPRATENTORIAL HEMISFRICO, POR CRANEOTOM페 OSTEOPL쳅TICA"
017203,"RESECCI흁 DE TUMOR SUPRATENTORIAL HEMISFRICO, POR CRANEOTOM페 GUIADA POR ESTEREOTAXIA"
017204,"RESECCI흁 DE TUMOR SUPRATENTORIAL HEMISFRICO,CON ESTIMULACI흁 CORTICAL"
017205,"RESECCI흁 VOLUM텞RICA DE TUMOR SUPRATENTORIAL HEMISFRICO,CON ESTEREOTAXIA"
017206,RESECCI흁 DE TUMORES SUPRATENTORIALES HEMISFRICOS
017209,DRENAJE DE QUISTE TUMORAL SUPRATENTORIAL
034208,RESECCI흁 DE TUMOR O LESI흁 O LESI흁 INTRARAQU펛EO EXTRADURAL C1 C2 V페 ABIERTA
034209,RESECCI흁 DE TUMOR O LESI흁 O LESI흁 INTRARAQU펛EO EXTRADURAL C1 C2 V페 PERCUT쳁EA
034210,RESECCI흁 DE TUMOR O LESI흁 O LESI흁 INTRARAQU펛EO EXTRADURAL C1 C2 V페 ENDOSC흃ICA
034211,RESECCI흁 DE TUMOR O LESI흁 O LESI흁 INTRARAQU펛EO EXTRADURAL SUBAXIAL HASTA DOS SEGMENTOS V페 ABIERTA
034212,RESECCI흁 DE TUMOR O LESI흁 INTRARAQU펛EO EXTRADURAL SUBAXIAL HASTA DOS SEGMENTOS  V페 PERCUT쳁EA
034213,RESECCI흁 DE TUMOR O LESI흁 INTRARAQU펛EO EXTRADURAL SUBAXIAL HASTA DOS SEGMENTOS V페 ENDOSC흃ICA
034214,RESECCI흁 DE TUMOR O LESI흁 INTRARAQU펛EO EXTRADURAL SUBAXIAL M쳅 DE DOS SEGMENTOS V페 ABIERTA
034215,RESECCI흁 DE TUMOR O LESI흁 INTRARAQU펛EO EXTRADURAL SUBAXIAL M쳅 DE DOS SEGMENTOS  V페 PERCUT쳁EA
034216,RESECCI흁 DE TUMOR O LESI흁 INTRARAQU펛EO EXTRADURAL SUBAXIAL M쳅 DE DOS SEGMENTOS V페 ENDOSC흃ICA
034217,RESECCI흁 DE TUMOR O LESI흁 INTRARAQU펛EO EXTRADURAL TOR첶ICO HASTA DOS SEGMENTOS V페 ABIERTA
034218,RESECCI흁 DE TUMOR O LESI흁 INTRARAQU펛EO EXTRADURAL TOR첶ICO HASTA DOS SEGMENTOS  V페 PERCUT쳁EA
034219,RESECCI흁 DE TUMOR O LESI흁 INTRARAQU펛EO EXTRADURAL TOR첶ICO HASTA DOS SEGMENTOS V페 ENDOSC흃ICA
034220,RESECCI흁 DE TUMOR O LESI흁 INTRARAQU펛EO EXTRADURAL TOR첶ICO M쳅 DE DOS SEGMENTOS V페 ABIERTA
034221,RESECCI흁 DE TUMOR O LESI흁 INTRARAQU펛EO EXTRADURAL TOR첶ICO M쳅 DE DOS SEGMENTOS  V페 PERCUT쳁EA
034222,RESECCI흁 DE TUMOR O LESI흁 INTRARAQU펛EO EXTRADURAL TOR첶ICO M쳅 DE DOS SEGMENTOS V페 ENDOSC흃ICA
034223,RESECCI흁 DE TUMOR O LESI흁 INTRARAQU펛EO EXTRADURAL LUMBAR HASTA DOS SEGMENTOS V페 ABIERTA
034224,RESECCI흁 DE TUMOR O LESI흁 INTRARAQU펛EO EXTRADURAL LUMBAR HASTA DOS SEGMENTOS  V페 PERCUT쳁EA
034225,RESECCI흁 DE TUMOR O LESI흁 INTRARAQU펛EO EXTRADURAL LUMBAR HASTA DOS SEGMENTOS V페 ENDOSC흃ICA
034226,RESECCI흁 DE TUMOR O LESI흁 INTRARAQU펛EO EXTRADURAL LUMBAR M쳅 DE DOS SEGMENTOS V페 ABIERTA
034227,RESECCI흁 DE TUMOR O LESI흁 INTRARAQU펛EO EXTRADURAL LUMBAR M쳅 DE DOS SEGMENTOS  V페 PERCUT쳁EA
034228,RESECCI흁 DE TUMOR O LESI흁 INTRARAQU펛EO EXTRADURAL LUMBAR M쳅 DE DOS SEGMENTOS V페 ENDOSC흃ICA
034229,RESECCI흁 DE TUMOR O LESI흁 INTRARAQU펛EO SACRO V페 ABIERTA
034230,RESECCI흁 DE TUMOR O LESI흁 INTRARAQU펛EO SACRO V페 ENDOSC흃ICA
034307,RESECCI흁 DE TUMOR RADICULAR EN RELOJ DE ARENA EN CANAL VERTEBRAL EXTRADURAL CON EXTENSI흁 FORAMINAL
034308,RESECCI흁 DE TUMOR RADICULAR EN RELOJ DE ARENA EN CANAL VERTEBRAL INTRA Y EXTRADURAL CON EXTENSI흁 FORAMINAL
034309,RESECCI흁 DE TUMOR O LESI흁 INTRARAQU펛EO INTRADURAL C1 C2 V페 ABIERTA
034310,RESECCI흁 DE TUMOR O LESI흁 INTRARAQU펛EO INTRADURAL C1 C2 V페 PERCUT쳁EA
034311,RESECCI흁 DE TUMOR O LESI흁 INTRARAQU펛EO INTRADURAL C1 C2 V페 ENDOSC흃ICA
034312,RESECCI흁 DE TUMOR O LESI흁 INTRARAQU펛EO INTRADURAL SUBAXIAL HASTA DOS SEGMENTOS V페 ABIERTA
034313,RESECCI흁 DE TUMOR O LESI흁 INTRARAQU펛EO INTRADURAL SUBAXIAL HASTA DOS SEGMENTOS  V페 PERCUT쳁EA
034314,RESECCI흁 DE TUMOR O LESI흁 INTRARAQU펛EO INTRADURAL SUBAXIAL HASTA DOS SEGMENTOS V페 ENDOSC흃ICA
034315,RESECCI흁 DE TUMOR O LESI흁 INTRARAQU펛EO INTRADURAL SUBAXIAL M쳅 DE DOS SEGMENTOS V페 ABIERTA
034316,RESECCI흁 DE TUMOR O LESI흁 INTRARAQU펛EO INTRADURAL SUBAXIAL M쳅 DE DOS SEGMENTOS  V페 PERCUT쳁EA
034317,RESECCI흁 DE TUMOR O LESI흁 INTRARAQU펛EO INTRADURAL SUBAXIAL M쳅 DE DOS SEGMENTOS V페 ENDOSC흃ICA
034318,RESECCI흁 DE TUMOR O LESI흁 INTRARAQU펛EO INTRADURAL TOR첶ICO HASTA DOS SEGMENTOS V페 ABIERTA
034319,RESECCI흁 DE TUMOR O LESI흁 INTRARAQU펛EO INTRADURAL TOR첶ICO HASTA DOS SEGMENTOS  V페 PERCUT쳁EA
034320,RESECCI흁 DE TUMOR O LESI흁 INTRARAQU펛EO INTRADURAL TOR첶ICO HASTA DOS SEGMENTOS V페 ENDOSC흃ICA
034321,RESECCI흁 DE TUMOR O LESI흁 INTRARAQU펛EO INTRADURAL TOR첶ICO M쳅 DE DOS SEGMENTOS V페 ABIERTA
034322,RESECCI흁 DE TUMOR O LESI흁 INTRARAQU펛EO INTRADURAL TOR첶ICO M쳅 DE DOS SEGMENTOS  V페 PERCUT쳁EA
034323,RESECCI흁 DE TUMOR O LESI흁 INTRARAQU펛EO INTRADURAL TOR첶ICO M쳅 DE DOS SEGMENTOS V페 ENDOSC흃ICA
034324,RESECCI흁 DE TUMOR O LESI흁 INTRARAQU펛EO INTRADURAL LUMBAR HASTA DOS SEGMENTOS V페 ABIERTA
034325,RESECCI흁 DE TUMOR O LESI흁 INTRARAQU펛EO INTRADURAL LUMBAR HASTA DOS SEGMENTOS  V페 PERCUT쳁EA
034326,RESECCI흁 DE TUMOR O LESI흁 INTRARAQU펛EO INTRADURAL LUMBAR HASTA DOS SEGMENTOS V페 ENDOSC흃ICA
034327,RESECCI흁 DE TUMOR O LESI흁 INTRARAQU펛EO INTRADURAL LUMBAR M쳅 DE DOS SEGMENTOS V페 ABIERTA
034328,RESECCI흁 DE TUMOR O LESI흁 INTRARAQU펛EO INTRADURAL LUMBAR M쳅 DE DOS SEGMENTOS  V페 PERCUT쳁EA
034329,RESECCI흁 DE TUMOR O LESI흁 INTRARAQU펛EO INTRADURAL LUMBAR M쳅 DE DOS SEGMENTOS V페 ENDOSC흃ICA
034330,RESECCI흁 DE TUMOR O LESI흁 INTRARAQU펛EO INTRADURAL SACRO V페 ABIERTA
034331,RESECCI흁 DE TUMOR O LESI흁 INTRARAQU펛EO INTRADURAL SACRO V페 ENDOSC흃ICA
034403,RESECCI흁 DE TUMOR O LESI흁 INTRADURAL INTRAMEDULAR C1 C2 V페 ABIERTA
034404,RESECCI흁 DE TUMOR O LESI흁 INTRADURAL INTRAMEDULAR C1 C2 V페 PERCUT쳁EA
034405,RESECCI흁 DE TUMOR O LESI흁 INTRADURAL INTRAMEDULAR C1 C2 V페 ENDOSC흃ICA
034406,RESECCI흁 DE TUMOR O LESI흁 INTRADURAL INTRAMEDULAR SUBAXIAL HASTA DOS SEGMENTOS V페 ABIERTA
034407,RESECCI흁 DE TUMOR O LESI흁 INTRADURAL INTRAMEDULAR SUBAXIAL HASTA DOS SEGMENTOS  V페 PERCUT쳁EA
034408,RESECCI흁 DE TUMOR O LESI흁 INTRADURAL INTRAMEDULAR SUBAXIAL HASTA DOS SEGMENTOS V페 ENDOSC흃ICA
034409,RESECCI흁 DE TUMOR O LESI흁 INTRADURAL INTRAMEDULAR SUBAXIAL M쳅 DE DOS SEGMENTOS V페 ABIERTA
034410,RESECCI흁 DE TUMOR O LESI흁 INTRADURAL INTRAMEDULAR SUBAXIAL M쳅 DE DOS SEGMENTOS  V페 PERCUT쳁EA
034411,RESECCI흁 DE TUMOR O LESI흁 INTRADURAL INTRAMEDULAR SUBAXIAL M쳅 DE DOS SEGMENTOS V페 ENDOSC흃ICA
034412,RESECCI흁 DE TUMOR O LESI흁 INTRADURAL INTRAMEDULAR TOR첶ICO HASTA DOS SEGMENTOS V페 ABIERTA
034413,RESECCI흁 DE TUMOR O LESI흁 INTRADURAL INTRAMEDULAR TOR첶ICO HASTA DOS SEGMENTOS  V페 PERCUT쳁EA
034414,RESECCI흁 DE TUMOR O LESI흁 INTRADURAL INTRAMEDULAR TOR첶ICO HASTA DOS SEGMENTOS V페 ENDOSC흃ICA
034415,RESECCI흁 DE TUMOR O LESI흁 INTRADURAL INTRAMEDULAR TOR첶ICO M쳅 DE DOS SEGMENTOS V페 ABIERTA
034416,RESECCI흁 DE TUMOR O LESI흁 INTRADURAL INTRAMEDULAR TOR첶ICO M쳅 DE DOS SEGMENTOS  V페 PERCUT쳁EA
034417,RESECCI흁 DE TUMOR O LESI흁 INTRADURAL INTRAMEDULAR TOR첶ICO M쳅 DE DOS SEGMENTOS V페 ENDOSC흃ICA
034418,RESECCI흁 DE TUMOR O LESI흁 INTRAMEDULAR O MULTIRADICULAR LUMBAR HASTA DOS SEGMENTOS V페 ABIERTA
034419,RESECCI흁 DE TUMOR O LESI흁 INTRAMEDULAR O MULTIRADICULAR LUMBAR HASTA DOS SEGMENTOS V페 PERCUT쳁EA
034420,RESECCI흁 DE TUMOR O LESI흁 INTRAMEDULAR O MULTIRADICULAR LUMBAR HASTA DOS SEGMENTOS V페 ENDOSC흃ICA
034421,RESECCI흁 DE TUMOR O LESI흁 INTRAMEDULAR O MULTIRADICULAR LUMBAR M쳅 DE DOS SEGMENTOS V페 ABIERTA
034422,RESECCI흁 DE TUMOR O LESI흁 INTRAMEDULAR O MULTIRADICULAR LUMBAR M쳅 DE DOS SEGMENTOS  V페 PERCUT쳁EA
034423,RESECCI흁 DE TUMOR O LESI흁 INTRAMEDULAR O MULTIRADICULAR LUMBAR M쳅 DE DOS SEGMENTOS V페 ENDOSC흃ICA
034424,RESECCI흁 DE TUMOR O LESI흁 MULTIRADICULAR SACRO V페 ABIERTA
034425,RESECCI흁 DE TUMOR O LESI흁 MULTIRADICULAR SACRO V페 ENDOSC흃ICA
040701,"RESECCI흁 DE TUMOR PRIMARIO DEL NERVIO 흃TICO, POR CRANEOTOM페 SUBFRONTAL"
040702,"RESECCI흁 DE TUMOR PRIMARIO DEL NERVIO 흃TICO, POR ORBITOTOM페 LATERAL"
040703,ESCISI흁  [RESECCI흁] DE NERVIO CRANEAL O PERIFRICO
040720,RESECCI흁 DE TUMOR MALIGNO DE NERVIO EN MANO O DEDOS  V페 ABIERTA
089208,PLASTIA DE CEJAS POR RESECCI흁
089213,RECONSTRUCCI흁 DE CEJAS POR RESECCI흁
425503,RECONSTRUCCI흁 ESOF첺ICA CON INTERPOSICI흁 DE COLON V페 ABIERTA
425504,RECONSTRUCCI흁 ESOF첺ICA CON INTERPOSICI흁 DE COLON V페 TORACOSC흃ICA
425505,RECONSTRUCCI흁 ESOF첺ICA CON INTERPOSICI흁 DE COLON V페 LAPAROSC흃ICA 
429301,INSERCI흁 DE DISPOSITIVO EN ES휹AGO V페 ENDOSC흃ICA
254001,GLOSECTOM페 RADICAL V페 ABIERTA
254002,GLOSECTOM페 RADICAL V페 ENDOSC흃ICA
103204,ABLACI흁 DE LESI흁 O TEJIDO DE CONJUNTIVA
160201,ORBITOTOM페 CON INSERCI흁 DE IMPLANTE ORBITAL
040702,"RESECCI흁 DE TUMOR PRIMARIO DEL NERVIO 흃TICO, POR ORBITOTOM페 LATERAL"
164002,ENUCLEACI흁 CON IMPLANTE PROT텝ICO
164003,ENUCLEACI흁 CON IMPLANTE PROT텝ICO E INJERTO DE ESCLERA
273203,PALATECTOM페 DE PALADAR 흅EO PARCIAL
273204,PALATECTOM페 DE PALADAR 흅EO TOTAL
293402,FARINGECTOM페 TOTAL V페 ABIERTA
293403,FARINGECTOM페 TOTAL V페 ENDOSC흃ICA
301401,CORDECTOM페 PARCIAL V페 ABIERTA
301402,CORDECTOM페 PARCIAL V페 ENDOSC흃ICA
325301,NEUMONECTOM페 CON DECORTICACI흁 CONCOMITANTE [PLEURONEUMONECTOM페] V페 ABIERTA
427101,ESOFAGOTOM페 CERVICAL V페 ABIERTA
427402,ESOFAGOCARDIOMIOTOM페 ABDOMINAL O TOR첶ICA [HELLER] POR LAPAROSCOPIA
541601,RESECCI흁 DE LESI흁 BENIGNA O MALIGNA EN EPIPLON O EN MESENTERIO V페 ABIERTA
541602,RESECCI흁 DE LESI흁 BENIGNA O MALIGNA EN EPIPLON O EN MESENTERIO V페 LAPAROSC흃ICA
577311,CISTOPROSTATECTOM페 RADICAL POR LAPAROSCOPIA M쳅 DERIVACI흁 URINARIA (CONDUCTO ILEAL O SIMILAR) V페 ABIERTA
577312,CISTOPROSTATECTOM페 RADICAL POR LAPAROSCOPIA M쳅 DERIVACI흁 URINARIA (CONDUCTO ILEAL O SIMILAR) V페 LAPAROSC흃ICA
652301,RESECCI흁 DE TUMOR DE OVARIO POR LAPAROTOM페
652302,RESECCI흁 DE TUMOR DE OVARIO POR LAPAROSCOPIA
652303,RESECCI흁 DE TUMOR DE OVARIO V페 VAGINAL
652304,CITORREDUCCI흁 DE TUMOR DE OVARIO POR LAPAROTOM페
652305,CITORREDUCCI흁 DE TUMOR DE OVARIO POR LAPAROSCOPIA
674501,TRAQUELECTOM페 RADICAL POR LAPAROTOM페
674511,TRAQUELECTOM페 RADICAL POR LAPAROSCOPIA
763102,"MANDIBULECTOM페 PARCIAL SIMPLE, SEGMENTARIA"
763104,HEMIMANDIBULECTOM페 CON DESARTICULACI흁
776402,ESCISI흁 TUMOR MALIGNO EN CARPIANOS O METACARPIANOS
840800,DESARTICULACI흁 DE HOMBRO SOD
841800,DESARTICULACI흁 DE CADERA SOD
